sex,age,famsize,Pstatus,Medu,Fedu,famrel,Mjob,Fjob,studytime,failures,higher,absences,G3,romantic,freetime,goout,health,Dalc,Walc
F,18,GT3,A,4,4,4,at_home,teacher,2,0,yes,6,6,no,3,4,3,1,1
F,17,GT3,T,1,1,5,at_home,other,2,0,yes,4,6,no,3,3,3,1,1
F,15,LE3,T,1,1,4,at_home,other,2,3,yes,10,10,no,3,2,3,2,3
F,15,GT3,T,4,2,3,health,services,3,0,yes,2,15,yes,2,2,5,1,1
F,16,GT3,T,3,3,4,other,other,2,0,yes,4,10,no,3,2,5,1,2
M,16,LE3,T,4,3,5,services,other,2,0,yes,10,15,no,4,2,5,1,2
M,16,LE3,T,2,2,4,other,other,2,0,yes,0,11,no,4,4,3,1,1
F,17,GT3,A,4,4,4,other,teacher,2,0,yes,6,6,no,1,4,1,1,1
M,15,LE3,A,3,2,4,services,other,2,0,yes,0,19,no,2,2,1,1,1
M,15,GT3,T,3,4,5,other,other,2,0,yes,0,15,no,5,1,5,1,1
F,15,GT3,T,4,4,3,teacher,health,2,0,yes,0,9,no,3,3,2,1,2
F,15,GT3,T,2,1,5,services,other,3,0,yes,4,12,no,2,2,4,1,1
M,15,LE3,T,4,4,4,health,services,1,0,yes,2,14,no,3,3,5,1,3
M,15,GT3,T,4,3,5,teacher,other,2,0,yes,2,11,no,4,3,3,1,2
M,15,GT3,A,2,2,4,other,other,3,0,yes,0,16,yes,5,2,3,1,1
F,16,GT3,T,4,4,4,health,other,1,0,yes,4,14,no,4,4,2,1,2
F,16,GT3,T,4,4,3,services,services,3,0,yes,6,14,no,2,3,2,1,2
F,16,GT3,T,3,3,5,other,other,2,0,yes,4,10,no,3,2,4,1,1
M,17,GT3,T,3,2,5,services,services,1,3,yes,16,5,no,5,5,5,2,4
M,16,LE3,T,4,3,3,health,other,1,0,yes,4,10,no,1,3,5,1,3
M,15,GT3,T,4,3,4,teacher,other,2,0,yes,0,15,no,4,1,1,1,1
M,15,GT3,T,4,4,5,health,health,1,0,yes,0,15,no,4,2,5,1,1
M,16,LE3,T,4,2,4,teacher,other,2,0,yes,2,16,no,5,1,5,1,3
M,16,LE3,T,2,2,5,other,other,2,0,yes,0,12,no,4,4,5,2,4
F,15,GT3,T,2,4,4,services,health,3,0,yes,2,8,no,3,2,5,1,1
F,16,GT3,T,2,2,1,services,services,1,2,yes,14,8,no,2,2,5,1,3
M,15,GT3,T,2,2,4,other,other,1,0,yes,2,11,no,2,2,5,1,2
M,15,GT3,T,4,2,2,health,services,1,0,yes,4,15,no,2,4,1,2,4
M,16,LE3,A,3,4,5,services,other,2,0,yes,4,11,no,3,3,5,1,1
M,16,GT3,T,4,4,4,teacher,teacher,2,0,yes,16,11,yes,4,5,5,5,5
M,15,GT3,T,4,4,5,health,services,2,0,yes,0,12,no,4,2,5,3,4
M,15,GT3,T,4,4,4,services,services,2,0,yes,0,17,no,3,1,5,1,1
M,15,GT3,T,4,3,4,teacher,at_home,2,0,yes,0,16,yes,5,2,5,1,1
M,15,LE3,T,3,3,5,other,other,2,0,yes,0,12,no,3,2,2,1,1
M,16,GT3,T,3,2,5,other,other,1,0,yes,0,15,no,4,3,5,1,1
F,15,GT3,T,2,3,3,other,other,1,0,yes,0,6,no,5,1,5,1,1
M,15,LE3,T,4,3,5,teacher,services,3,0,yes,2,18,no,4,3,4,1,1
M,16,GT3,A,4,4,2,other,teacher,3,0,yes,7,15,yes,4,3,5,1,1
F,15,GT3,T,3,4,4,services,health,3,0,yes,2,11,no,3,2,5,1,1
F,15,GT3,T,2,2,4,at_home,other,1,0,yes,8,13,no,3,1,2,1,1
F,16,LE3,T,2,2,3,other,other,2,1,yes,25,11,yes,3,3,3,1,2
M,15,LE3,T,4,4,5,teacher,other,1,0,yes,8,12,yes,4,3,5,2,4
M,15,GT3,T,4,4,4,services,teacher,2,0,yes,2,18,no,3,3,5,1,1
M,15,GT3,T,2,2,5,services,services,1,0,yes,0,11,no,4,1,1,1,1
F,16,LE3,T,2,2,4,other,at_home,2,1,yes,14,9,no,3,3,5,2,2
F,15,LE3,A,4,3,5,other,other,2,0,yes,8,6,yes,2,2,5,1,1
F,16,LE3,A,3,3,2,other,services,2,0,yes,12,11,no,3,5,3,1,4
M,16,GT3,T,4,3,4,health,services,4,0,yes,4,20,no,2,2,2,1,1
M,15,GT3,T,4,2,4,teacher,other,2,0,yes,2,14,no,3,3,5,2,2
F,15,GT3,T,4,4,4,services,teacher,2,1,yes,2,7,no,4,4,3,1,1
F,16,LE3,T,2,2,4,services,services,2,0,yes,2,13,no,3,3,4,2,3
F,15,LE3,T,4,2,4,health,other,2,0,yes,2,13,no,3,3,5,1,1
M,15,LE3,A,4,2,5,health,health,1,1,yes,6,10,no,5,5,5,3,4
F,15,GT3,T,4,4,3,services,services,1,0,yes,0,11,no,3,4,5,2,3
F,15,LE3,A,3,3,5,other,other,1,0,yes,6,13,no,3,4,1,4,4
F,16,GT3,A,2,1,5,other,other,2,0,yes,8,10,yes,3,4,2,1,1
F,15,GT3,A,4,3,4,services,services,2,0,yes,0,15,no,3,2,1,1,1
M,15,GT3,T,4,4,3,teacher,health,2,0,yes,4,15,no,2,2,5,1,1
M,15,LE3,T,1,2,4,other,at_home,2,0,yes,2,9,no,3,2,5,1,1
F,16,GT3,T,4,2,4,services,other,2,0,yes,2,16,no,2,3,5,1,1
F,16,GT3,T,4,4,2,health,teacher,2,0,yes,6,11,no,4,4,4,2,3
F,16,GT3,T,1,1,5,services,services,1,0,yes,6,11,yes,5,5,5,5,5
F,16,LE3,T,1,2,4,other,services,2,0,yes,4,9,no,4,3,1,1,1
F,16,GT3,T,4,3,3,teacher,health,3,0,yes,2,9,no,4,4,4,2,4
F,15,LE3,T,4,3,4,services,services,2,0,yes,0,10,yes,4,4,2,2,4
F,16,LE3,T,4,3,5,teacher,services,2,0,yes,2,15,no,4,3,1,1,2
M,15,GT3,A,4,4,1,other,services,4,0,yes,4,12,yes,3,3,3,5,5
F,16,GT3,T,3,1,4,services,other,4,0,yes,4,6,no,3,3,5,1,2
F,15,LE3,T,2,2,4,health,services,2,0,yes,2,8,no,1,3,4,1,3
F,15,LE3,T,3,1,4,other,other,4,0,yes,12,16,no,4,2,3,2,3
M,16,GT3,T,3,1,4,other,other,4,0,yes,0,15,no,3,2,5,1,1
M,15,GT3,T,4,2,3,other,other,4,0,yes,0,10,no,3,3,3,1,1
F,15,GT3,T,1,1,3,other,other,2,2,yes,2,5,yes,3,4,5,2,4
M,16,GT3,T,3,1,5,other,other,1,0,yes,2,14,no,3,2,5,2,2
F,16,GT3,T,3,3,4,other,services,2,0,yes,54,11,no,3,3,5,2,4
M,15,GT3,T,4,3,4,teacher,other,2,0,yes,6,10,no,3,3,5,2,3
M,15,GT3,T,4,0,3,teacher,other,4,0,yes,8,10,no,4,3,1,1,1
F,16,GT3,T,2,2,5,other,other,4,0,yes,0,11,yes,2,3,3,1,3
M,17,GT3,T,2,1,4,other,other,1,3,no,2,10,no,5,1,3,1,1
F,16,GT3,T,3,4,2,at_home,other,2,0,yes,12,5,no,4,3,3,1,2
M,15,GT3,T,2,3,3,other,services,1,0,yes,2,12,yes,2,2,3,1,3
M,15,GT3,T,2,3,5,other,other,3,0,yes,4,11,no,3,2,5,1,2
F,15,LE3,T,3,2,4,services,other,2,0,yes,10,6,no,4,4,5,1,1
M,15,LE3,T,2,2,5,services,services,2,0,yes,4,15,no,3,3,4,1,3
F,15,GT3,T,1,1,4,other,other,2,0,yes,2,10,no,3,2,4,2,3
F,15,GT3,T,4,4,4,services,services,2,2,yes,6,8,yes,4,4,5,2,3
F,16,LE3,T,2,2,4,at_home,other,2,0,yes,4,6,no,3,4,2,1,2
F,15,GT3,T,4,2,5,other,other,3,0,yes,4,14,no,3,3,1,1,3
M,16,GT3,T,2,2,4,services,other,2,1,yes,12,10,no,4,2,3,1,1
M,16,LE3,A,4,4,4,teacher,health,2,0,yes,18,7,no,1,3,5,3,5
F,16,GT3,T,3,3,4,other,other,3,0,yes,0,8,yes,3,3,4,1,3
F,15,GT3,T,4,3,4,services,other,1,0,yes,4,18,no,5,5,1,1,3
F,16,LE3,T,3,1,3,other,other,2,0,yes,4,6,no,3,3,2,2,3
F,16,GT3,T,4,2,5,teacher,services,2,0,yes,0,10,no,3,3,1,1,1
M,15,LE3,T,2,2,4,services,health,4,0,yes,6,14,no,3,4,4,1,1
F,15,GT3,T,1,1,3,at_home,other,4,1,yes,2,10,no,1,2,1,1,1
M,16,GT3,T,4,3,3,services,other,1,0,yes,2,15,no,3,3,4,1,1
F,16,GT3,T,2,1,4,other,other,2,0,yes,2,10,yes,3,5,5,1,1
F,16,GT3,T,4,4,5,other,other,1,0,yes,6,14,no,3,4,1,1,2
F,16,GT3,T,4,3,5,other,at_home,3,0,yes,0,8,no,3,5,3,1,1
M,16,GT3,T,4,4,4,services,services,1,0,yes,14,5,no,5,5,4,5,5
M,16,GT3,T,4,4,4,services,teacher,3,0,yes,0,17,yes,4,3,4,1,1
M,15,GT3,T,4,4,5,services,other,1,0,yes,4,14,no,3,3,5,1,1
F,15,GT3,T,3,2,4,services,other,2,0,yes,26,6,no,3,5,2,1,1
M,15,GT3,A,3,4,5,services,other,2,0,yes,0,18,no,4,4,1,1,1
F,15,GT3,A,3,3,4,other,health,4,0,yes,10,11,no,3,3,4,1,1
F,15,GT3,T,2,2,5,other,other,4,0,yes,8,8,no,1,2,3,1,1
M,16,GT3,T,3,3,5,services,other,3,0,yes,2,18,no,3,3,5,1,1
M,15,GT3,T,4,4,1,other,other,4,0,yes,6,13,yes,3,5,1,3,5
F,16,LE3,T,4,4,5,health,health,3,0,yes,4,16,yes,4,5,4,1,1
M,15,LE3,A,4,4,5,teacher,teacher,1,0,yes,6,19,no,5,3,4,1,1
F,16,GT3,T,3,3,4,services,other,3,1,yes,0,10,no,1,2,2,1,1
F,16,GT3,T,2,2,3,at_home,other,2,1,yes,6,13,no,1,2,5,1,1
M,15,LE3,T,4,2,3,teacher,other,1,0,yes,10,19,no,5,2,3,1,1
M,15,GT3,T,2,1,5,health,services,2,0,yes,8,9,yes,4,2,5,1,1
M,16,GT3,T,4,4,5,teacher,teacher,2,0,yes,2,16,no,4,4,5,1,2
M,15,GT3,T,4,4,4,other,teacher,2,0,yes,2,14,no,4,3,2,1,1
M,16,GT3,T,3,3,5,other,services,1,0,yes,0,13,no,4,2,5,1,1
M,17,GT3,T,1,3,5,other,other,2,1,yes,20,8,no,2,4,5,1,4
M,15,GT3,T,3,4,3,other,other,1,0,yes,6,13,no,4,3,4,1,2
F,15,GT3,T,1,2,3,at_home,services,2,0,yes,2,15,no,2,3,1,1,2
M,15,GT3,T,2,2,5,services,services,4,0,yes,6,15,no,5,4,5,1,2
F,16,LE3,T,2,4,4,other,health,2,0,yes,2,13,yes,2,2,5,1,2
M,16,GT3,T,4,4,3,health,other,1,0,yes,18,13,no,4,4,5,1,4
F,16,GT3,T,2,2,5,other,other,2,0,yes,0,8,yes,4,4,5,1,1
M,15,GT3,T,3,4,5,services,services,1,0,yes,0,12,no,5,5,5,3,2
F,15,LE3,A,3,4,5,other,other,2,0,yes,0,11,yes,3,2,1,1,1
F,19,GT3,T,0,1,3,at_home,other,2,3,no,2,9,no,4,2,5,1,1
M,18,GT3,T,2,2,3,services,other,1,2,yes,0,0,no,3,3,4,1,2
M,16,GT3,T,4,4,3,teacher,teacher,1,0,yes,8,18,no,5,5,4,2,5
F,15,GT3,T,3,4,4,services,teacher,3,2,yes,0,0,yes,2,2,5,2,2
F,15,GT3,T,1,1,4,at_home,other,1,0,yes,0,0,yes,3,3,4,1,2
F,17,LE3,T,2,2,3,other,other,1,0,yes,12,12,yes,4,4,5,1,3
F,16,GT3,A,3,4,3,services,other,1,0,yes,16,11,no,2,1,5,1,4
M,15,GT3,T,3,4,5,at_home,teacher,2,0,yes,0,0,yes,3,3,5,1,1
F,15,GT3,T,4,4,4,services,at_home,3,0,yes,0,0,yes,3,3,5,1,1
M,17,GT3,T,3,4,5,at_home,other,2,0,yes,0,0,no,4,5,5,2,4
F,16,GT3,A,3,3,4,other,other,1,2,yes,0,0,yes,3,2,5,1,1
M,16,LE3,T,1,1,4,services,other,2,1,yes,0,12,yes,4,4,5,1,3
F,15,GT3,T,4,4,4,teacher,teacher,1,0,yes,0,15,no,3,2,5,1,1
M,15,GT3,T,4,3,2,teacher,services,4,0,yes,0,0,no,2,2,3,1,1
M,16,LE3,T,2,2,2,services,services,1,2,yes,8,9,no,3,3,2,2,2
F,15,GT3,T,4,4,4,teacher,services,3,0,yes,2,11,no,2,2,5,1,1
F,16,LE3,T,1,1,3,at_home,at_home,1,0,yes,2,13,no,4,4,1,3,3
M,17,GT3,T,2,1,5,other,other,1,3,yes,0,0,no,4,5,5,1,2
F,15,GT3,T,1,1,4,other,services,2,0,yes,0,11,no,4,2,5,1,2
F,15,GT3,T,3,2,3,health,services,2,3,yes,0,0,no,3,2,3,1,1
F,15,GT3,T,1,2,4,at_home,other,2,0,yes,2,11,no,3,2,5,1,1
M,16,GT3,T,4,4,3,teacher,teacher,1,0,no,0,0,yes,3,2,5,2,1
M,15,LE3,A,2,1,4,services,other,1,3,yes,0,10,no,5,5,5,2,5
M,18,LE3,T,1,1,2,other,other,1,3,no,0,0,yes,3,5,4,2,5
M,16,LE3,T,2,1,4,at_home,other,1,1,yes,6,14,yes,4,4,5,3,5
F,15,GT3,T,3,3,4,services,services,3,2,yes,8,10,yes,2,1,3,2,3
M,19,GT3,T,3,2,4,services,at_home,1,3,no,0,0,yes,5,4,4,1,1
F,17,GT3,T,4,4,4,other,teacher,1,0,yes,0,12,yes,2,1,4,1,1
M,15,GT3,T,2,3,4,at_home,services,2,0,yes,2,8,no,4,4,1,1,1
M,17,LE3,T,1,2,2,other,other,1,0,yes,8,13,no,2,2,5,3,3
F,18,GT3,T,1,1,5,at_home,other,1,3,yes,6,10,no,2,5,4,1,5
M,16,GT3,T,2,2,4,at_home,other,1,0,yes,2,15,no,2,2,3,1,2
M,16,GT3,T,3,3,4,other,services,2,1,yes,4,12,yes,5,5,5,4,4
M,17,LE3,T,2,1,3,at_home,other,1,2,no,0,0,yes,3,2,5,2,2
M,15,GT3,T,3,2,4,other,other,2,2,yes,6,7,yes,4,4,3,1,4
M,16,LE3,T,1,2,4,other,other,1,1,yes,0,0,no,4,4,5,2,4
M,17,GT3,T,1,3,5,at_home,services,1,0,no,2,10,no,3,3,2,1,4
M,17,LE3,T,1,1,5,other,services,2,3,no,0,7,yes,3,5,5,1,5
M,16,GT3,T,3,2,4,services,services,1,1,no,16,12,no,5,2,2,1,1
M,16,GT3,T,2,2,4,other,other,2,0,no,4,10,no,3,5,4,2,4
F,16,GT3,T,4,2,4,health,services,2,0,yes,0,16,yes,2,3,3,1,1
F,16,GT3,T,2,2,5,other,other,2,0,yes,0,0,no,1,5,4,1,1
F,16,GT3,T,4,4,4,health,health,2,0,yes,0,14,yes,4,2,3,1,1
M,16,GT3,T,3,4,3,other,other,1,2,yes,0,0,no,4,5,2,2,4
M,16,GT3,T,1,0,4,other,other,2,0,yes,2,16,yes,3,2,3,1,1
M,17,LE3,T,4,4,4,teacher,other,2,0,yes,0,10,no,4,4,5,1,3
F,16,GT3,T,1,3,4,at_home,services,2,3,yes,0,0,yes,3,5,3,1,1
F,16,LE3,T,3,3,4,other,other,2,0,yes,4,9,no,4,5,4,1,1
M,17,LE3,T,4,3,4,teacher,other,2,0,yes,4,9,no,4,4,4,4,4
F,16,GT3,T,2,2,3,services,other,2,0,yes,2,11,no,4,4,5,1,4
M,17,GT3,T,3,3,4,other,other,2,0,yes,4,6,no,3,4,4,1,4
M,16,GT3,T,4,2,4,teacher,services,1,0,yes,10,9,yes,3,3,3,3,4
M,17,GT3,T,4,3,5,other,other,2,0,yes,4,11,yes,2,3,2,1,1
M,16,GT3,T,4,3,3,teacher,other,2,0,yes,10,8,no,4,3,3,2,3
M,16,GT3,T,3,3,4,services,other,2,0,yes,2,12,yes,2,3,3,1,2
F,17,GT3,T,2,4,5,services,services,2,0,yes,0,17,no,4,2,5,2,3
F,17,LE3,T,3,3,5,other,other,2,0,yes,56,8,yes,3,3,1,2,3
F,16,GT3,T,3,2,1,other,other,2,0,yes,14,12,no,2,2,1,1,2
M,17,GT3,T,3,3,4,services,services,2,0,yes,12,11,yes,3,4,4,2,3
M,16,GT3,T,1,2,3,services,services,1,0,yes,2,11,yes,3,3,3,1,2
M,16,LE3,T,2,1,4,other,other,2,0,yes,0,15,yes,2,3,5,1,2
F,17,GT3,A,3,3,3,health,other,2,0,yes,6,9,yes,3,3,3,1,3
M,17,GT3,T,1,2,3,at_home,other,2,0,yes,4,10,no,1,3,3,1,5
F,16,GT3,T,2,3,4,services,services,2,0,yes,10,13,no,3,3,2,1,1
F,17,GT3,T,1,1,5,at_home,services,2,0,yes,0,9,no,3,3,3,1,1
M,17,GT3,T,1,2,4,at_home,services,2,0,yes,12,8,no,4,4,5,4,5
M,16,GT3,T,3,3,4,services,services,1,0,yes,8,10,no,3,2,5,3,4
M,16,GT3,T,2,3,5,other,other,1,0,yes,0,14,no,3,3,3,1,1
F,17,LE3,T,2,4,4,services,services,2,0,yes,0,15,yes,3,2,5,1,1
M,17,GT3,T,4,4,5,services,teacher,1,0,yes,4,16,no,2,3,5,1,2
M,16,LE3,T,3,3,3,teacher,other,1,0,yes,8,10,no,3,4,3,3,5
F,17,GT3,T,4,4,4,services,teacher,1,1,yes,24,18,no,2,4,2,2,3
F,16,LE3,T,4,4,4,teacher,teacher,2,0,yes,0,10,no,5,2,3,1,2
F,16,GT3,T,4,3,4,health,other,2,0,yes,2,16,no,3,5,2,1,5
F,16,GT3,T,2,3,4,other,other,2,0,yes,6,10,no,4,3,4,1,3
F,17,GT3,T,1,1,4,other,other,2,0,yes,4,10,no,4,4,1,1,3
F,17,GT3,T,2,2,5,other,other,1,0,yes,18,6,no,3,2,3,1,2
F,16,GT3,T,2,2,5,services,services,4,0,yes,6,11,no,3,5,5,1,1
F,17,GT3,T,3,4,4,at_home,services,3,1,yes,28,9,yes,4,3,5,3,4
F,16,GT3,A,3,1,2,services,other,2,3,yes,5,7,no,3,3,4,2,2
F,16,GT3,T,4,3,1,teacher,other,2,0,yes,10,13,yes,3,2,1,1,1
F,16,GT3,T,1,1,4,at_home,other,1,0,yes,6,10,no,3,2,5,1,4
F,17,GT3,T,4,3,4,teacher,other,3,0,yes,6,7,yes,4,2,4,1,1
F,19,GT3,T,3,3,4,other,other,4,0,yes,10,8,no,3,3,3,1,2
M,17,LE3,T,4,4,5,services,other,2,0,yes,13,13,yes,3,5,3,4,5
F,16,GT3,A,2,2,3,other,other,2,0,yes,0,14,no,3,4,4,1,1
M,18,GT3,T,2,2,4,services,other,2,1,yes,15,8,no,4,4,5,2,4
F,17,LE3,T,4,4,5,services,other,1,0,yes,12,10,no,2,1,3,1,2
F,17,LE3,T,3,2,4,other,other,2,0,yes,2,15,no,4,4,1,1,3
F,17,GT3,T,4,3,3,other,other,2,2,yes,22,4,yes,4,5,1,2,4
M,18,LE3,T,3,3,3,services,health,2,1,yes,13,8,no,2,4,4,2,4
F,17,GT3,T,2,3,3,at_home,other,1,0,yes,3,8,no,3,3,3,1,4
F,17,GT3,T,2,2,4,at_home,at_home,3,0,yes,4,10,no,3,3,4,1,1
F,17,GT3,T,2,1,4,at_home,services,2,0,yes,2,6,no,2,5,5,1,2
F,17,GT3,T,1,1,4,at_home,other,3,1,yes,0,0,yes,3,4,5,1,1
F,16,GT3,T,2,3,2,services,teacher,2,0,yes,2,17,no,3,1,3,1,1
M,18,GT3,T,2,2,3,other,other,2,0,yes,0,13,no,3,3,4,5,5
F,16,GT3,T,4,4,5,teacher,services,3,0,yes,0,14,no,3,2,5,1,1
F,18,GT3,T,3,1,5,other,other,2,1,yes,16,7,yes,3,3,4,1,1
F,17,GT3,T,3,2,5,other,other,2,0,yes,10,15,no,3,4,3,1,3
M,17,LE3,T,2,3,5,services,services,2,0,yes,2,12,no,3,3,3,1,3
M,18,LE3,T,2,1,4,at_home,other,2,0,yes,14,9,yes,3,2,3,4,5
F,17,GT3,A,2,1,3,other,other,3,0,yes,10,12,yes,2,3,3,1,2
F,17,LE3,T,4,3,3,health,other,2,0,yes,14,14,yes,2,3,3,1,2
M,17,GT3,T,2,2,4,other,other,2,0,yes,4,11,no,5,2,1,1,1
M,17,GT3,T,4,4,4,teacher,teacher,2,0,yes,14,9,yes,5,5,2,1,3
M,16,GT3,T,4,4,4,health,other,2,0,yes,2,13,no,2,4,1,2,4
M,16,LE3,T,1,1,3,other,other,2,0,yes,18,6,no,4,2,5,1,1
M,16,GT3,T,3,2,5,at_home,other,3,0,yes,10,10,yes,3,3,2,1,3
M,17,LE3,T,2,2,4,other,other,2,0,yes,4,13,yes,4,2,4,5,5
F,16,GT3,T,2,1,4,other,other,1,0,yes,20,12,yes,5,2,5,1,1
F,17,GT3,T,2,1,2,at_home,services,2,0,yes,2,11,no,1,1,3,1,1
M,18,GT3,T,2,2,5,other,services,2,1,no,0,0,no,5,4,2,3,5
M,17,LE3,T,4,3,2,health,other,2,0,yes,14,12,yes,5,5,5,1,4
M,17,LE3,A,4,4,3,teacher,other,2,0,yes,2,12,no,3,3,4,2,3
M,16,LE3,T,4,3,5,teacher,other,1,0,yes,0,0,no,4,5,3,1,1
M,16,GT3,T,4,4,5,services,services,1,0,yes,0,12,no,3,2,5,1,2
F,18,GT3,T,2,1,4,other,other,3,0,yes,0,0,yes,4,4,3,1,1
M,16,GT3,T,2,1,4,other,other,1,0,yes,6,18,no,3,3,4,1,1
M,17,GT3,T,2,3,5,other,other,1,0,yes,4,13,no,2,2,2,1,1
M,22,GT3,T,3,1,5,services,services,1,3,no,16,8,yes,4,5,1,5,5
M,18,LE3,T,3,3,4,other,services,2,1,yes,8,5,yes,3,3,5,1,3
M,16,GT3,T,0,2,4,other,other,1,0,yes,0,15,no,3,2,5,2,4
M,18,GT3,T,3,2,4,services,other,1,1,no,0,8,no,4,5,5,2,4
M,16,GT3,T,3,3,5,at_home,other,2,0,yes,6,10,no,3,3,2,1,3
M,18,GT3,T,2,1,3,services,services,1,1,no,4,8,no,2,5,5,2,5
M,16,GT3,T,2,1,3,other,other,1,0,yes,0,8,no,3,2,3,1,3
M,17,GT3,T,2,1,4,other,other,1,0,yes,0,12,no,4,2,5,2,4
M,17,LE3,T,1,1,4,health,other,1,1,yes,2,8,no,4,4,5,1,2
F,17,LE3,T,4,2,4,teacher,services,4,0,yes,6,13,no,2,3,4,1,1
M,19,LE3,A,4,3,4,services,at_home,2,0,yes,12,11,no,3,1,1,1,1
M,18,GT3,T,2,1,5,other,other,2,0,yes,8,14,no,2,4,4,1,2
F,17,LE3,T,2,2,3,services,services,4,0,yes,0,0,yes,4,1,2,1,1
F,18,GT3,T,4,3,3,services,other,2,0,yes,21,18,yes,1,2,2,1,3
M,18,GT3,T,4,3,4,teacher,other,2,0,yes,2,8,no,3,2,3,1,1
M,18,GT3,T,3,2,5,other,other,3,0,yes,1,12,no,3,2,3,1,1
F,17,GT3,T,3,3,3,other,other,3,0,yes,4,9,no,2,3,4,1,1
F,18,GT3,T,2,2,4,at_home,services,3,0,yes,0,0,yes,3,3,3,1,1
M,18,LE3,A,3,4,4,other,other,2,0,yes,13,17,no,2,5,1,3,4
M,17,GT3,T,3,1,5,services,other,2,0,yes,2,10,yes,4,4,5,3,4
F,18,GT3,T,4,4,4,teacher,other,2,0,yes,8,11,no,3,4,4,2,2
M,18,GT3,T,4,2,5,health,other,2,0,yes,10,10,yes,4,5,5,1,3
F,18,GT3,T,2,1,4,other,other,2,0,no,0,0,yes,3,5,3,1,2
F,19,GT3,T,3,3,4,other,services,2,2,yes,15,9,no,3,5,5,3,3
F,18,GT3,T,2,3,4,other,services,4,0,yes,4,14,yes,5,5,2,1,3
F,18,LE3,T,1,1,4,other,other,2,0,yes,2,11,no,4,3,3,1,1
M,17,GT3,T,1,2,3,at_home,at_home,2,0,yes,2,14,yes,5,2,1,2,2
F,17,GT3,T,2,4,4,at_home,health,2,0,yes,2,10,yes,3,3,1,1,1
F,17,LE3,T,2,2,4,services,other,2,0,yes,6,12,yes,4,4,5,2,3
F,18,GT3,A,3,2,4,other,services,2,0,no,75,9,yes,1,1,5,1,1
M,18,GT3,T,4,4,3,teacher,services,1,0,yes,22,9,no,2,4,3,1,4
F,18,GT3,T,4,4,2,health,health,2,1,yes,15,8,yes,4,4,4,1,1
M,18,LE3,T,4,3,4,teacher,services,1,0,yes,8,10,no,2,3,1,1,2
M,17,LE3,A,4,1,4,services,other,1,0,yes,30,8,yes,5,4,5,2,4
M,17,LE3,A,3,2,4,teacher,services,1,1,yes,19,10,no,4,4,3,3,4
F,18,LE3,T,1,1,5,at_home,other,4,0,yes,1,12,no,2,2,3,1,1
F,18,GT3,T,1,1,5,other,other,2,0,yes,4,10,no,4,4,4,1,1
F,17,GT3,T,2,2,5,other,other,2,0,yes,4,11,no,4,5,5,1,2
M,17,GT3,T,1,1,4,other,other,2,0,yes,2,11,no,3,3,4,1,2
F,18,GT3,T,2,2,4,at_home,at_home,3,0,yes,5,19,no,3,3,2,1,2
F,17,GT3,T,1,1,4,services,teacher,3,0,yes,6,12,no,3,3,3,1,1
M,18,GT3,T,2,1,4,services,services,3,0,yes,6,14,no,2,4,2,1,3
M,18,LE3,A,4,4,5,teacher,teacher,2,0,yes,9,15,no,4,3,2,1,1
M,18,GT3,T,4,2,4,teacher,other,2,0,yes,11,11,yes,3,2,5,1,4
F,17,GT3,T,4,3,4,health,services,3,0,yes,0,15,no,2,2,3,1,2
F,18,LE3,T,2,1,5,services,at_home,2,1,yes,12,13,yes,4,3,5,1,1
F,17,LE3,T,3,1,3,services,other,4,0,yes,6,18,no,1,2,3,1,1
M,18,LE3,T,3,2,5,services,other,3,0,yes,8,14,no,4,2,4,1,1
M,17,GT3,T,3,3,4,health,other,1,0,yes,4,11,no,4,3,5,1,3
F,19,GT3,T,4,4,2,health,other,2,0,yes,0,0,no,3,4,2,2,3
F,18,LE3,T,4,3,4,other,other,2,0,yes,10,8,yes,4,5,2,1,2
F,18,GT3,T,4,3,4,other,other,4,0,yes,0,14,no,3,3,3,1,1
M,18,LE3,T,4,4,1,teacher,teacher,1,0,yes,5,16,yes,4,2,1,2,2
F,18,LE3,A,4,4,4,health,other,2,0,yes,14,11,yes,2,4,4,1,1
M,17,LE3,T,4,4,4,other,teacher,1,0,yes,0,10,no,1,1,5,2,2
F,17,GT3,T,4,2,4,other,other,3,0,yes,0,14,no,3,3,3,1,1
F,17,GT3,T,3,2,5,health,health,4,0,yes,0,18,no,2,2,5,1,2
M,19,GT3,T,3,3,4,other,other,2,1,yes,20,13,yes,4,4,3,1,1
F,18,GT3,T,2,4,4,services,at_home,2,1,yes,8,12,no,4,3,3,1,1
M,20,GT3,A,3,2,5,services,other,1,0,yes,0,18,no,5,3,5,1,1
M,19,GT3,T,4,4,4,teacher,services,1,1,yes,38,8,yes,3,4,4,1,1
M,19,GT3,T,3,3,4,other,services,2,1,yes,0,12,yes,5,3,5,1,2
F,19,LE3,T,1,1,4,at_home,other,2,1,yes,18,10,no,4,3,3,1,3
F,19,LE3,T,1,2,4,services,services,2,1,yes,0,0,yes,2,4,3,2,2
F,19,GT3,T,2,1,3,at_home,other,2,0,no,20,13,yes,4,1,2,1,1
M,19,GT3,T,1,2,4,other,services,2,1,yes,3,11,no,5,2,4,2,2
F,19,LE3,T,3,2,4,services,other,2,1,yes,22,11,yes,2,2,1,1,2
F,19,GT3,T,1,1,4,at_home,health,3,2,yes,14,13,yes,1,2,3,1,1
F,19,GT3,T,2,3,4,other,other,3,1,yes,40,11,yes,1,2,3,1,1
F,18,GT3,T,2,1,5,services,other,2,0,yes,0,0,no,3,3,1,1,2
F,18,GT3,T,4,3,4,other,other,3,0,yes,9,9,yes,3,4,5,1,1
F,17,GT3,T,3,4,4,at_home,services,3,0,yes,0,10,no,3,4,5,2,5
F,18,GT3,T,4,4,4,teacher,other,2,0,yes,2,11,no,4,4,5,3,3
F,17,GT3,A,4,3,5,services,services,2,0,yes,23,13,yes,2,2,5,1,2
F,17,GT3,T,2,2,4,other,other,2,0,yes,12,9,yes,2,2,3,1,1
F,17,LE3,T,2,2,3,services,services,3,0,yes,3,11,no,3,2,3,2,2
F,17,GT3,T,3,1,3,services,services,3,0,yes,1,15,no,4,3,5,2,3
F,17,LE3,T,0,2,3,at_home,at_home,3,0,yes,0,15,no,3,3,2,2,3
M,18,GT3,T,4,4,4,other,other,3,0,yes,3,11,no,3,3,3,2,2
M,17,GT3,T,3,3,4,other,services,1,0,yes,3,16,no,3,5,5,3,5
M,17,GT3,T,2,2,4,services,other,1,0,yes,8,10,no,4,5,4,5,5
F,17,GT3,T,4,4,5,teacher,services,3,0,yes,7,9,no,4,4,4,1,3
F,17,GT3,T,4,4,4,teacher,teacher,3,0,yes,4,14,yes,3,3,4,1,2
M,18,LE3,T,2,2,4,other,other,4,0,yes,2,8,no,5,5,5,2,4
F,17,GT3,T,2,4,4,at_home,other,3,0,yes,7,14,yes,4,3,5,1,1
F,18,GT3,T,3,3,5,services,services,2,0,yes,0,0,no,3,4,4,1,1
F,18,LE3,T,2,2,4,other,other,2,0,yes,0,0,yes,3,3,2,1,1
F,18,GT3,T,2,2,4,at_home,other,4,0,yes,0,0,no,4,4,4,1,1
F,17,GT3,T,3,4,4,services,other,3,0,yes,16,15,no,4,5,5,1,3
F,19,GT3,A,3,1,5,services,at_home,3,1,yes,12,13,no,4,3,5,1,2
F,17,GT3,T,3,2,4,other,other,2,0,yes,0,0,yes,3,2,2,2,3
F,18,LE3,T,3,3,5,services,services,4,0,yes,7,17,no,3,3,1,1,1
F,17,GT3,A,3,2,4,other,other,2,0,yes,4,10,no,3,3,2,2,3
F,19,GT3,T,2,1,4,services,services,3,1,yes,4,11,yes,3,4,3,1,3
M,18,GT3,T,4,4,4,teacher,services,2,1,yes,0,0,no,3,3,2,2,2
M,18,LE3,T,3,4,4,services,other,2,0,yes,11,15,yes,3,3,5,1,3
F,17,GT3,A,2,2,3,at_home,at_home,2,1,yes,0,0,yes,3,1,4,1,2
F,18,GT3,T,2,3,4,at_home,other,3,0,yes,4,10,no,3,3,3,1,2
F,18,GT3,T,3,2,5,other,services,3,0,yes,7,14,yes,4,3,1,2,3
M,18,GT3,T,4,3,5,teacher,services,3,0,yes,9,16,yes,3,2,4,1,2
M,18,GT3,T,4,3,5,teacher,other,3,0,yes,0,9,yes,4,5,5,2,3
F,17,GT3,T,4,3,4,health,other,3,0,yes,0,15,yes,4,3,4,1,3
M,18,GT3,T,3,2,2,other,other,1,1,yes,10,13,no,5,5,5,5,5
M,19,GT3,T,1,1,5,other,services,2,3,yes,8,8,no,4,4,2,3,3
M,17,GT3,T,3,3,4,health,other,2,0,yes,2,13,no,5,4,3,2,3
M,18,LE3,T,1,3,4,at_home,services,1,1,no,7,8,yes,3,3,3,2,3
M,19,GT3,T,1,1,4,other,other,1,1,yes,4,8,no,4,4,5,3,3
M,17,GT3,T,4,3,4,services,other,2,0,yes,4,11,yes,5,5,2,1,3
F,18,GT3,T,3,3,5,services,services,2,0,yes,0,9,yes,3,4,5,1,1
F,17,GT3,T,4,4,4,teacher,services,2,0,yes,4,13,no,3,3,5,1,2
F,17,LE3,A,3,2,1,services,other,2,0,yes,2,11,yes,2,3,5,1,2
M,18,LE3,T,1,1,3,other,services,1,0,yes,4,10,yes,3,2,3,1,2
F,18,LE3,T,1,1,5,at_home,services,3,0,yes,0,16,no,3,2,4,1,1
F,18,LE3,A,1,4,4,at_home,other,2,0,yes,0,13,yes,3,4,5,1,4
M,18,LE3,T,1,1,4,at_home,other,2,1,no,2,12,no,4,3,5,2,3
F,18,GT3,T,3,3,4,services,services,2,0,yes,0,10,yes,3,2,3,1,3
F,17,LE3,T,4,4,2,at_home,at_home,2,0,yes,0,15,yes,3,4,1,1,1
F,17,GT3,T,1,2,3,other,services,2,0,yes,0,12,no,2,2,3,1,2
M,18,GT3,T,1,3,3,at_home,other,2,0,yes,4,10,no,3,4,3,2,4
M,18,LE3,T,4,4,4,teacher,services,3,0,yes,0,13,yes,2,2,5,2,2
F,17,GT3,T,1,1,5,other,services,1,1,yes,0,0,yes,2,1,1,1,2
F,18,GT3,T,2,3,5,at_home,services,1,0,yes,0,10,yes,2,3,4,1,2
F,18,GT3,T,4,4,3,other,teacher,2,0,yes,10,11,yes,2,2,5,4,2
F,19,LE3,T,3,2,3,services,services,2,2,yes,4,9,yes,2,2,3,1,1
M,18,LE3,T,1,2,4,at_home,services,1,0,no,3,12,yes,3,3,3,2,3
F,17,GT3,T,2,2,3,other,at_home,3,0,yes,8,11,yes,4,3,3,1,1
F,17,GT3,T,1,2,3,other,other,1,0,yes,14,5,no,5,5,1,1,3
F,18,LE3,T,4,4,5,other,other,3,0,yes,0,19,no,4,4,1,1,1
F,18,GT3,T,1,1,4,other,other,3,0,yes,2,10,no,3,2,4,1,2
F,20,GT3,T,4,2,5,health,other,3,2,yes,4,15,yes,4,3,3,1,1
F,18,LE3,T,4,4,5,teacher,services,2,0,yes,4,10,no,4,3,2,3,4
F,18,GT3,T,3,3,4,other,other,2,0,yes,0,15,yes,1,3,1,1,2
F,17,GT3,T,3,1,4,at_home,other,2,0,yes,17,10,no,5,4,1,2,3
M,18,GT3,T,4,4,3,teacher,teacher,2,0,yes,4,14,no,2,4,2,1,4
M,18,GT3,T,2,1,4,other,other,1,0,yes,5,7,yes,4,3,5,1,3
M,17,GT3,T,2,3,4,other,services,2,0,yes,2,10,no,4,3,3,1,1
M,19,GT3,T,1,1,4,other,services,1,1,yes,0,0,no,3,2,5,1,3
M,18,GT3,T,4,2,5,other,other,1,1,yes,14,5,no,4,3,3,4,3
F,18,GT3,T,2,2,5,at_home,other,3,0,yes,2,10,no,3,3,4,1,3
F,18,GT3,T,4,4,4,teacher,at_home,1,0,yes,7,6,yes,4,3,5,2,2
F,19,GT3,T,2,3,5,services,other,3,1,yes,0,0,no,4,2,5,1,2
F,18,LE3,T,3,1,4,teacher,services,2,0,yes,0,8,no,3,4,1,1,1
F,18,GT3,T,1,1,1,other,other,2,1,yes,0,0,no,1,1,5,1,1
M,20,LE3,A,2,2,5,services,services,2,2,yes,11,9,no,5,4,4,4,5
M,17,LE3,T,3,1,2,services,services,1,0,yes,3,16,no,4,5,2,3,4
M,21,GT3,T,1,1,5,other,other,1,3,yes,3,7,no,5,3,3,3,3
M,18,LE3,T,3,2,4,services,other,1,0,yes,0,10,no,4,1,5,3,4
M,19,LE3,T,1,1,3,other,at_home,1,0,yes,5,9,no,2,3,5,3,3
F,18,GT3,A,4,4,4,at_home,teacher,2,0,yes,4,11,no,3,4,3,1,1
F,17,GT3,T,1,1,5,at_home,other,2,0,yes,2,11,no,3,3,3,1,1
F,15,LE3,T,1,1,4,at_home,other,2,0,yes,6,12,no,3,2,3,2,3
F,15,GT3,T,4,2,3,health,services,3,0,yes,0,14,yes,2,2,5,1,1
F,16,GT3,T,3,3,4,other,other,2,0,yes,0,13,no,3,2,5,1,2
M,16,LE3,T,4,3,5,services,other,2,0,yes,6,13,no,4,2,5,1,2
M,16,LE3,T,2,2,4,other,other,2,0,yes,0,13,no,4,4,3,1,1
F,17,GT3,A,4,4,4,other,teacher,2,0,yes,2,13,no,1,4,1,1,1
M,15,LE3,A,3,2,4,services,other,2,0,yes,0,17,no,2,2,1,1,1
M,15,GT3,T,3,4,5,other,other,2,0,yes,0,13,no,5,1,5,1,1
F,15,GT3,T,4,4,3,teacher,health,2,0,yes,2,14,no,3,3,2,1,2
F,15,GT3,T,2,1,5,services,other,3,0,yes,0,13,no,2,2,4,1,1
M,15,LE3,T,4,4,4,health,services,1,0,yes,0,12,no,3,3,5,1,3
M,15,GT3,T,4,3,5,teacher,other,2,0,yes,0,13,no,4,3,3,1,2
M,15,GT3,A,2,2,4,other,other,3,0,yes,0,15,yes,5,2,3,1,1
F,16,GT3,T,4,4,4,health,other,1,0,yes,6,17,no,4,4,2,1,2
F,16,GT3,T,4,4,3,services,services,3,0,yes,10,14,no,2,3,2,1,2
F,16,GT3,T,3,3,5,other,other,2,0,yes,2,14,no,3,2,4,1,1
M,17,GT3,T,3,2,5,services,services,1,3,yes,2,7,no,5,5,5,2,4
M,16,LE3,T,4,3,3,health,other,1,0,yes,6,12,no,1,3,5,1,3
M,15,GT3,T,4,3,4,teacher,other,2,0,yes,0,14,no,4,1,1,1,1
M,15,GT3,T,4,4,5,health,health,1,0,yes,0,12,no,4,2,5,1,1
M,16,LE3,T,4,2,4,teacher,other,2,0,yes,0,14,no,5,1,5,1,3
M,16,LE3,T,2,2,5,other,other,2,0,yes,2,10,no,4,4,5,2,4
F,15,GT3,T,2,4,4,services,health,3,0,yes,2,10,no,3,2,5,1,1
F,16,GT3,T,2,2,1,services,services,1,0,yes,6,12,no,2,2,5,1,3
M,15,GT3,T,2,2,4,other,other,1,0,yes,8,12,no,2,2,5,1,2
M,15,GT3,T,4,2,2,health,services,1,0,yes,0,11,no,2,4,1,2,4
M,16,LE3,A,3,4,5,services,other,2,0,yes,2,13,no,3,3,5,1,1
M,16,GT3,T,4,4,4,teacher,teacher,2,0,yes,4,12,yes,4,5,5,5,5
M,15,GT3,T,4,4,5,health,services,2,0,yes,0,11,no,4,2,5,3,4
M,15,GT3,T,4,4,4,services,services,2,0,yes,2,15,no,3,1,5,1,1
M,15,GT3,T,4,3,4,teacher,at_home,2,0,yes,0,15,yes,5,2,5,1,1
M,15,LE3,T,3,3,5,other,other,2,0,yes,0,12,no,3,2,2,1,1
M,16,GT3,T,3,2,5,other,other,1,0,yes,4,12,no,4,3,5,1,1
F,15,GT3,T,2,3,3,other,other,1,0,yes,4,11,no,5,1,5,1,1
M,15,LE3,T,4,3,5,teacher,services,3,0,yes,0,14,no,4,3,4,1,1
M,16,GT3,A,4,4,2,other,teacher,3,0,yes,4,13,yes,4,3,5,1,1
F,15,GT3,T,3,4,4,services,health,3,0,yes,2,12,no,3,2,5,1,1
F,15,GT3,T,2,2,4,at_home,other,1,0,yes,8,12,no,3,1,2,1,1
F,16,LE3,T,2,2,3,other,other,2,0,yes,16,10,yes,3,3,3,1,2
M,15,LE3,T,4,4,5,teacher,other,1,0,yes,8,11,yes,4,3,5,2,4
M,15,GT3,T,4,4,4,services,teacher,2,0,yes,0,15,no,3,3,5,1,1
M,15,GT3,T,2,2,5,services,services,1,0,yes,0,10,no,4,1,1,1,1
F,16,LE3,T,2,2,4,other,at_home,2,1,yes,14,11,no,3,3,5,2,2
F,15,LE3,A,4,3,5,other,other,2,0,yes,4,11,yes,2,2,5,1,1
F,16,LE3,A,3,3,2,other,services,2,0,yes,6,13,no,3,5,3,1,4
M,16,GT3,T,4,3,4,health,services,4,0,yes,2,17,no,2,2,2,1,1
M,15,GT3,T,4,2,4,teacher,other,2,0,yes,4,13,no,3,3,5,2,2
F,15,GT3,T,4,4,4,services,teacher,2,0,yes,2,12,no,4,4,3,1,1
F,16,LE3,T,2,2,4,services,services,2,0,yes,0,13,no,3,3,4,2,3
F,15,LE3,T,4,2,4,health,other,2,0,yes,0,16,no,3,3,5,1,1
M,15,LE3,A,4,2,5,health,health,1,0,yes,4,9,no,5,5,5,3,4
F,15,GT3,T,4,4,3,services,services,1,0,yes,0,12,no,3,4,5,2,3
F,15,LE3,A,3,3,5,other,other,1,0,yes,0,13,no,3,4,1,4,4
F,16,GT3,A,2,1,5,other,other,2,0,yes,2,12,yes,3,4,2,1,1
F,15,GT3,A,4,3,4,services,services,2,0,yes,0,15,no,3,2,1,1,1
M,15,GT3,T,4,4,3,teacher,health,2,0,yes,8,16,no,2,2,5,1,1
M,15,LE3,T,1,2,4,other,at_home,2,0,yes,0,14,no,3,2,5,1,1
F,16,GT3,T,4,2,4,services,other,2,0,yes,2,16,no,2,3,5,1,1
F,16,GT3,T,4,4,2,health,teacher,2,0,yes,0,16,no,4,4,4,2,3
F,16,GT3,T,1,1,5,services,services,1,0,yes,0,16,yes,5,5,5,5,5
F,16,LE3,T,1,2,4,other,services,2,0,yes,0,10,no,4,3,1,1,1
F,16,GT3,T,4,3,3,teacher,health,3,0,yes,0,13,no,4,4,4,2,4
F,15,LE3,T,4,3,4,services,services,2,0,yes,0,12,yes,4,4,2,2,4
F,16,LE3,T,4,3,5,teacher,services,2,0,yes,2,16,no,4,3,1,1,2
M,15,GT3,A,4,4,1,other,services,4,0,yes,0,12,yes,3,3,3,5,5
F,16,GT3,T,3,1,4,services,other,4,0,yes,0,10,no,3,3,5,1,2
F,15,LE3,T,2,2,4,health,services,2,0,yes,0,11,no,1,3,4,1,3
F,15,LE3,T,3,1,4,other,other,4,0,yes,6,15,no,4,2,3,2,3
M,16,GT3,T,3,1,4,other,other,4,0,yes,2,11,no,3,2,5,1,1
M,15,GT3,T,4,2,3,other,other,4,0,yes,0,10,no,3,3,3,1,1
F,15,GT3,T,1,1,3,other,other,2,0,yes,2,11,yes,3,4,5,2,4
M,16,GT3,T,3,1,5,other,other,1,0,yes,0,14,no,3,2,5,2,2
F,16,GT3,T,3,3,4,other,services,2,0,yes,4,11,no,3,3,5,2,4
M,15,GT3,T,4,3,4,teacher,other,2,0,yes,0,11,no,3,3,5,2,3
M,15,GT3,T,4,0,3,teacher,other,4,0,yes,0,11,no,4,3,1,1,1
F,16,GT3,T,2,2,5,other,other,4,0,yes,1,13,yes,2,3,3,1,3
M,17,GT3,T,2,1,4,other,other,1,3,no,0,10,no,5,1,3,1,1
F,16,GT3,T,3,4,2,at_home,other,2,0,yes,14,11,no,4,3,3,1,2
M,15,GT3,T,2,3,3,other,services,1,0,yes,0,12,yes,2,2,3,1,3
M,15,GT3,T,2,3,5,other,other,3,0,yes,2,9,no,3,2,5,1,2
F,15,LE3,T,3,2,4,services,other,2,0,yes,4,11,no,4,4,5,1,1
M,15,LE3,T,2,2,5,services,services,2,0,yes,2,13,no,3,3,4,1,3
F,15,GT3,T,1,1,4,other,other,2,0,yes,2,12,no,3,2,4,2,3
F,15,GT3,T,4,4,4,services,services,2,0,yes,4,12,yes,4,4,5,2,3
F,16,LE3,T,2,2,4,at_home,other,2,0,yes,6,11,no,3,4,2,1,2
F,15,GT3,T,4,2,5,other,other,3,0,yes,4,15,no,3,3,1,1,3
M,16,GT3,T,2,2,4,services,other,2,0,yes,6,11,no,4,2,3,1,1
M,16,LE3,A,4,4,4,teacher,health,2,0,yes,6,10,no,1,3,5,3,5
F,16,GT3,T,3,3,4,other,other,3,0,yes,2,11,yes,3,3,4,1,3
F,15,GT3,T,4,3,4,services,other,1,0,yes,6,13,no,5,5,1,1,3
F,16,LE3,T,3,1,3,other,other,2,0,yes,0,12,no,3,3,2,2,3
F,16,GT3,T,4,2,5,teacher,services,2,0,yes,2,14,no,3,3,1,1,1
M,15,LE3,T,2,2,4,services,health,4,0,yes,2,12,no,3,4,4,1,1
F,15,GT3,T,1,1,3,at_home,other,4,0,yes,4,13,no,1,2,1,1,1
M,16,GT3,T,4,3,3,services,other,1,0,yes,6,11,no,3,3,4,1,1
F,16,GT3,T,2,1,4,other,other,2,0,yes,0,12,yes,3,5,5,1,1
F,16,GT3,T,4,4,5,other,other,1,0,yes,4,13,no,3,4,1,1,2
F,16,GT3,T,4,3,5,other,at_home,3,0,yes,2,13,no,3,5,3,1,1
M,16,GT3,T,4,4,4,services,services,1,0,yes,12,8,no,5,5,4,5,5
M,16,GT3,T,4,4,4,services,teacher,3,0,yes,0,16,yes,4,3,4,1,1
M,15,GT3,T,4,4,5,services,other,1,0,yes,2,12,no,3,3,5,1,1
F,15,GT3,T,3,2,4,services,other,2,0,yes,16,10,no,3,5,2,1,1
M,15,GT3,A,3,4,5,services,other,2,0,yes,0,16,no,4,4,1,1,1
F,15,GT3,A,3,3,4,other,health,4,0,yes,10,10,no,3,3,4,1,1
F,15,GT3,T,2,2,5,other,other,4,0,yes,4,10,no,1,2,3,1,1
M,16,GT3,T,3,3,5,services,other,3,0,yes,4,14,no,3,3,5,1,1
M,15,GT3,T,4,4,1,other,other,4,0,yes,8,11,yes,3,5,1,3,5
F,16,LE3,T,4,4,5,health,health,3,0,yes,2,14,yes,4,5,4,1,1
M,15,LE3,A,4,4,5,teacher,teacher,1,0,yes,4,14,no,5,3,4,1,1
F,16,GT3,T,3,3,4,services,other,3,0,yes,4,11,no,1,2,2,1,1
F,16,GT3,T,2,2,3,at_home,other,2,1,yes,12,10,no,1,2,5,1,1
M,15,LE3,T,4,2,3,teacher,other,1,0,yes,10,18,no,5,2,3,1,1
M,15,GT3,T,2,1,5,health,services,2,0,yes,4,10,yes,4,2,5,1,1
M,16,GT3,T,4,4,5,teacher,teacher,2,0,yes,6,14,no,4,4,5,1,2
M,15,GT3,T,4,4,4,other,teacher,2,0,yes,4,16,no,4,3,2,1,1
M,16,GT3,T,3,3,5,other,services,1,0,yes,6,15,no,4,2,5,1,1
M,17,GT3,T,1,3,5,other,other,2,1,yes,14,11,no,2,4,5,1,4
M,15,GT3,T,3,4,3,other,other,1,0,yes,2,14,no,4,3,4,1,2
F,15,GT3,T,1,2,3,at_home,services,2,0,yes,0,14,no,2,3,1,1,2
M,15,GT3,T,2,2,5,services,services,4,0,yes,6,13,no,5,4,5,1,2
F,16,LE3,T,2,4,4,other,health,2,0,yes,2,13,yes,2,2,5,1,2
M,16,GT3,T,4,4,3,health,other,1,0,yes,4,13,no,4,4,5,1,4
F,16,GT3,T,2,2,5,other,other,2,0,yes,0,11,yes,4,4,5,1,1
M,15,GT3,T,3,4,5,services,services,1,0,yes,2,9,no,5,5,5,3,2
F,15,LE3,A,3,4,5,other,other,2,0,yes,0,11,yes,3,2,1,1,1
F,19,GT3,T,0,1,3,at_home,other,2,2,no,0,11,no,4,2,5,1,1
M,16,GT3,T,4,4,3,teacher,teacher,1,0,yes,8,15,no,5,5,4,2,5
M,16,GT3,T,2,3,3,other,other,3,0,yes,4,13,yes,2,3,1,2,2
F,15,GT3,T,3,4,4,services,teacher,3,0,yes,0,12,yes,2,2,5,2,2
F,18,GT3,T,2,1,5,services,other,2,3,no,10,8,yes,4,5,5,1,3
F,17,LE3,A,2,1,3,other,other,1,0,yes,8,11,no,2,2,5,1,2
F,15,GT3,T,1,1,4,at_home,other,1,0,yes,6,13,yes,3,3,4,1,2
F,17,LE3,T,2,2,3,other,other,1,0,yes,2,12,yes,4,4,5,1,3
F,16,GT3,A,3,4,3,services,other,1,0,yes,12,14,no,2,1,5,1,4
M,16,GT3,T,2,1,3,at_home,other,1,0,yes,4,11,no,2,1,2,1,1
F,16,GT3,A,2,2,5,other,other,1,1,yes,12,11,no,3,4,5,1,1
M,15,GT3,T,3,4,5,at_home,teacher,2,0,yes,2,11,yes,3,3,5,1,1
F,15,GT3,T,4,4,4,services,at_home,3,0,yes,4,15,yes,3,3,5,1,1
M,17,GT3,T,3,4,5,at_home,other,2,0,yes,2,10,no,4,5,5,2,4
F,16,GT3,T,1,1,5,at_home,other,2,0,yes,0,13,no,1,3,3,1,1
M,18,LE3,T,3,1,3,services,services,1,0,yes,2,12,yes,3,4,4,4,5
F,18,GT3,A,3,2,4,other,services,3,0,yes,10,11,yes,3,3,5,5,1
F,16,GT3,T,1,1,3,other,services,1,0,yes,8,11,yes,3,3,1,1,2
F,16,GT3,A,3,3,4,other,other,1,0,yes,4,10,yes,3,2,5,1,1
M,16,LE3,T,1,1,4,services,other,2,2,yes,0,10,yes,4,4,5,1,3
F,15,GT3,T,4,4,4,teacher,teacher,1,0,yes,6,14,no,3,2,5,1,1
F,15,GT3,T,1,1,5,other,other,1,1,yes,2,9,yes,5,5,1,1,1
M,15,GT3,T,4,3,2,teacher,services,4,0,yes,6,11,no,2,2,3,1,1
F,15,GT3,A,3,3,1,services,services,2,0,yes,24,9,yes,3,2,1,2,3
M,16,GT3,T,4,4,5,services,services,3,0,yes,0,13,no,3,3,5,1,3
M,16,LE3,T,2,2,2,services,services,1,0,yes,4,11,no,3,3,2,2,2
F,15,GT3,T,4,4,4,teacher,services,3,0,yes,2,13,no,2,2,5,1,1
F,16,LE3,T,1,1,3,at_home,at_home,1,0,yes,4,11,no,4,4,1,3,3
M,17,GT3,T,2,1,5,other,other,1,0,yes,22,6,no,4,5,5,1,2
F,15,GT3,T,1,1,4,other,services,2,0,yes,0,12,no,4,2,5,1,2
F,15,LE3,A,2,1,4,at_home,other,1,0,no,0,10,yes,4,2,5,1,1
F,15,GT3,T,3,2,3,health,services,2,1,yes,2,11,no,3,2,3,1,1
F,15,GT3,T,1,2,4,at_home,other,2,0,yes,6,13,no,3,2,5,1,1
F,15,GT3,T,1,2,2,at_home,services,2,0,yes,6,11,yes,3,4,1,2,4
M,16,GT3,T,4,4,3,teacher,teacher,1,0,no,16,8,yes,3,2,5,2,1
M,15,LE3,A,2,1,4,services,other,1,0,yes,0,11,no,5,5,5,2,5
M,18,LE3,T,1,1,2,other,other,1,2,no,0,0,yes,3,5,4,2,5
M,16,LE3,T,2,1,4,at_home,other,1,1,yes,6,10,yes,4,4,5,3,5
F,15,GT3,T,3,3,4,services,services,3,0,yes,2,13,yes,2,1,3,2,3
M,19,GT3,T,3,2,4,services,at_home,1,0,no,6,11,yes,5,4,4,1,1
F,17,GT3,T,4,4,4,other,teacher,1,0,yes,0,13,yes,2,1,4,1,1
M,15,GT3,T,2,3,4,at_home,services,2,0,yes,0,8,no,4,4,1,1,1
M,17,LE3,T,1,2,2,other,other,1,3,yes,14,10,no,2,2,5,3,3
F,18,GT3,T,1,1,5,at_home,other,1,3,yes,6,11,no,2,5,4,1,5
M,16,GT3,T,2,2,4,at_home,other,1,0,yes,4,11,no,2,2,3,1,2
M,16,GT3,T,3,3,4,other,services,2,1,yes,0,1,yes,5,5,5,4,4
M,16,LE3,T,1,2,4,health,services,1,2,yes,0,10,no,4,5,5,3,5
M,17,LE3,T,2,1,3,at_home,other,1,1,no,8,9,yes,3,2,5,2,2
M,17,GT3,T,3,2,4,other,other,2,2,yes,4,8,yes,4,4,3,1,4
M,15,LE3,T,1,2,4,other,other,1,0,yes,2,10,no,4,4,5,2,4
M,16,GT3,T,1,3,5,at_home,services,1,1,no,2,8,no,3,3,2,1,4
M,17,LE3,T,1,1,5,other,services,2,0,no,0,8,yes,3,5,5,1,5
M,17,GT3,T,3,2,4,services,services,1,3,no,10,8,no,5,2,2,1,1
M,16,GT3,T,2,2,4,other,other,2,0,no,0,11,no,3,5,4,2,4
F,16,GT3,T,4,2,4,health,services,2,0,yes,0,18,yes,2,3,3,1,1
F,16,GT3,T,2,2,5,other,other,2,0,yes,0,13,no,1,5,4,1,1
F,16,GT3,T,4,4,4,health,health,2,0,yes,0,17,yes,4,2,3,1,1
M,16,GT3,T,3,4,3,other,other,1,1,yes,4,10,no,4,5,2,2,4
M,16,GT3,T,1,0,4,other,other,2,0,yes,0,18,yes,3,2,3,1,1
M,17,LE3,T,4,4,4,teacher,other,2,0,yes,0,10,no,4,4,5,1,3
F,16,GT3,T,1,3,4,at_home,services,2,0,yes,0,13,yes,3,5,3,1,1
F,16,LE3,T,3,3,4,other,other,2,0,yes,0,15,no,4,5,4,1,1
M,17,LE3,T,4,3,4,teacher,other,2,0,yes,0,11,no,4,4,4,4,4
F,16,GT3,T,2,2,3,services,other,2,0,yes,0,14,no,4,4,5,1,4
M,17,GT3,T,3,3,4,other,other,2,0,yes,4,10,no,3,4,4,1,4
M,16,GT3,T,4,2,4,teacher,services,1,0,yes,8,11,yes,3,3,3,3,4
M,17,GT3,T,4,3,5,other,other,2,0,yes,4,13,yes,2,3,2,1,1
M,16,GT3,T,4,3,3,teacher,other,2,0,yes,4,11,no,4,3,3,2,3
M,16,GT3,T,3,3,4,services,other,2,0,yes,0,13,yes,2,3,3,1,2
F,17,GT3,T,2,4,5,services,services,2,0,yes,0,17,no,4,2,5,2,3
F,17,LE3,T,3,3,5,other,other,2,0,yes,32,14,yes,3,3,1,2,3
F,16,GT3,T,3,2,1,other,other,2,0,yes,8,16,no,2,2,1,1,2
M,17,GT3,T,3,3,4,services,services,2,0,yes,6,14,yes,3,4,4,2,3
M,16,GT3,T,1,2,3,services,services,1,0,yes,0,11,yes,3,3,3,1,2
M,16,LE3,T,2,1,4,other,other,2,0,yes,0,16,yes,2,3,5,1,2
F,17,GT3,A,3,3,3,health,other,2,0,yes,10,14,yes,3,3,3,1,3
M,17,GT3,T,1,2,3,at_home,other,2,0,yes,6,10,no,1,3,3,1,5
F,16,GT3,T,2,3,4,services,services,2,0,yes,6,13,no,3,3,2,1,1
F,17,GT3,T,1,1,5,at_home,services,2,0,yes,0,12,no,3,3,3,1,1
M,17,GT3,T,1,2,4,at_home,services,2,0,yes,16,12,no,4,4,5,4,5
M,16,GT3,T,3,3,4,services,services,1,0,yes,0,10,no,3,2,5,3,4
M,16,GT3,T,2,3,5,other,other,1,0,yes,0,12,no,3,3,3,1,1
F,17,LE3,T,2,4,4,services,services,2,0,yes,8,16,yes,3,2,5,1,1
M,17,GT3,T,4,4,5,services,teacher,1,0,yes,4,14,no,2,3,5,1,2
M,16,LE3,T,3,3,3,teacher,other,1,0,yes,16,12,no,3,4,3,3,5
F,17,GT3,T,4,4,4,services,teacher,1,1,yes,30,16,no,2,4,2,2,3
F,16,LE3,T,4,4,4,teacher,teacher,2,0,yes,0,11,no,5,2,3,1,2
F,16,GT3,T,4,3,4,health,other,2,0,yes,2,15,no,3,5,2,1,5
F,16,GT3,T,2,3,4,other,other,2,0,yes,4,12,no,4,3,4,1,3
F,17,GT3,T,1,1,4,other,other,2,0,yes,0,15,no,4,4,1,1,3
F,17,GT3,T,2,2,5,other,other,1,0,yes,21,13,no,3,2,3,1,2
F,16,GT3,T,2,2,5,services,services,4,0,yes,6,13,no,3,5,5,1,1
F,17,GT3,T,3,4,4,at_home,services,3,1,yes,14,8,yes,4,3,5,3,4
F,16,GT3,A,3,1,2,services,other,2,0,yes,2,12,no,3,3,4,2,2
F,16,GT3,T,4,3,1,teacher,other,2,0,yes,4,15,yes,3,2,1,1,1
F,16,GT3,T,1,1,4,at_home,other,1,0,yes,2,13,no,3,2,5,1,4
F,17,GT3,T,4,3,4,teacher,other,3,0,yes,0,12,yes,4,2,4,1,1
F,19,GT3,T,3,3,4,other,other,4,0,yes,4,12,no,3,3,3,1,2
M,17,LE3,T,4,4,5,services,other,2,0,yes,15,12,yes,3,5,3,4,5
F,16,GT3,A,2,2,3,other,other,2,0,yes,0,13,no,3,4,4,1,1
M,18,GT3,T,2,2,4,services,other,2,0,yes,10,11,no,4,4,5,2,4
F,17,LE3,T,4,4,5,services,other,1,0,yes,6,11,no,2,1,3,1,2
F,17,LE3,T,3,2,4,other,other,2,0,yes,2,15,no,4,4,1,1,3
F,17,GT3,T,4,3,3,other,other,2,0,yes,16,10,yes,4,5,1,2,4
M,18,LE3,T,3,3,3,services,health,2,0,yes,10,10,no,2,4,4,2,4
F,17,GT3,T,2,3,3,at_home,other,1,0,yes,4,13,no,3,3,3,1,4
F,17,GT3,T,2,2,4,at_home,at_home,3,0,yes,0,13,no,3,3,4,1,1
F,17,GT3,T,2,1,4,at_home,services,2,0,yes,0,11,no,2,5,5,1,2
F,17,GT3,T,1,1,4,at_home,other,3,0,yes,12,12,yes,3,4,5,1,1
F,16,GT3,T,2,3,2,services,teacher,2,0,yes,0,14,no,3,1,3,1,1
M,18,GT3,T,2,2,3,other,other,2,3,yes,9,10,no,3,3,4,5,5
F,16,GT3,T,4,4,5,teacher,services,3,0,yes,4,16,no,3,2,5,1,1
F,18,GT3,T,3,1,5,other,other,2,0,yes,4,8,yes,3,3,4,1,1
F,17,GT3,T,3,2,5,other,other,2,0,yes,2,17,no,3,4,3,1,3
M,17,LE3,T,2,3,5,services,services,2,0,yes,0,11,no,3,3,3,1,3
M,18,LE3,T,2,1,4,at_home,other,2,0,yes,2,11,yes,3,2,3,4,5
F,17,GT3,A,2,1,3,other,other,3,0,yes,0,16,yes,2,3,3,1,2
F,17,LE3,T,4,3,3,health,other,2,0,yes,0,12,yes,2,3,3,1,2
M,17,GT3,T,2,2,4,other,other,2,0,yes,0,13,no,5,2,1,1,1
M,17,GT3,T,4,4,4,teacher,teacher,2,0,yes,0,13,yes,5,5,2,1,3
M,16,GT3,T,4,4,4,health,other,2,0,yes,0,14,no,2,4,1,2,4
M,16,LE3,T,1,1,3,other,other,2,0,yes,2,9,no,4,2,5,1,1
M,16,GT3,T,3,2,5,at_home,other,3,0,yes,0,12,yes,3,3,2,1,3
M,17,LE3,T,2,2,4,other,other,2,0,yes,0,16,yes,4,2,4,5,5
F,16,GT3,T,2,1,4,other,other,1,0,yes,4,10,yes,5,2,5,1,1
F,16,GT3,A,4,1,5,other,other,2,0,yes,0,13,yes,3,3,5,1,2
F,18,LE3,A,2,4,4,services,other,2,1,yes,18,10,no,3,3,3,1,1
F,18,LE3,T,2,2,5,at_home,services,2,1,yes,16,10,yes,3,1,5,1,1
F,18,GT3,T,3,3,4,other,other,1,1,no,14,7,no,1,1,3,1,1
M,18,GT3,T,2,2,4,other,at_home,1,1,no,26,8,yes,4,3,1,2,2
M,17,GT3,T,4,4,4,teacher,teacher,1,0,yes,6,9,no,2,1,5,1,2
F,17,GT3,T,3,2,5,other,other,2,0,yes,4,15,no,4,2,3,1,1
F,17,LE3,T,1,1,4,at_home,at_home,3,0,yes,10,10,yes,3,2,4,1,2
F,16,GT3,T,1,2,5,other,other,1,0,no,4,11,no,3,5,5,1,2
F,17,GT3,T,2,1,2,at_home,services,2,0,yes,2,13,no,1,1,3,1,1
F,17,LE3,A,1,4,5,other,other,1,1,yes,14,8,no,5,4,5,1,1
M,18,GT3,T,2,2,5,other,services,2,0,no,16,8,no,5,4,2,3,5
F,17,LE3,A,2,2,3,other,other,1,1,no,8,10,no,1,2,1,1,1
F,17,LE3,T,1,1,4,at_home,other,3,0,yes,4,15,no,3,3,5,1,3
F,17,LE3,A,4,2,4,teacher,other,2,0,yes,4,14,no,3,2,4,1,1
M,17,LE3,T,4,3,2,health,other,2,0,yes,8,15,yes,5,5,5,1,4
M,17,LE3,A,4,4,3,teacher,other,2,0,yes,0,12,no,3,3,4,2,3
M,16,LE3,T,4,3,5,teacher,other,1,0,yes,7,15,no,4,5,3,1,1
M,16,GT3,T,4,4,5,services,services,1,0,yes,4,15,no,3,2,5,1,2
F,17,GT3,T,4,4,5,teacher,services,2,0,yes,2,12,yes,3,1,5,1,4
M,17,GT3,T,1,1,4,other,other,3,0,yes,2,15,yes,3,3,1,1,1
F,17,GT3,T,3,3,4,services,other,3,0,yes,10,11,yes,2,2,5,2,3
F,17,GT3,T,1,1,4,at_home,other,2,0,yes,10,10,yes,3,2,4,1,1
F,18,GT3,T,2,1,4,other,other,3,0,yes,10,11,yes,4,4,3,1,1
M,16,GT3,T,2,1,4,other,other,1,0,yes,7,16,no,3,3,4,1,1
F,17,GT3,T,1,1,4,other,services,2,0,yes,4,11,no,3,4,5,1,2
M,17,GT3,T,2,3,5,other,other,1,0,yes,2,13,no,2,2,2,1,1
M,22,GT3,T,3,1,5,services,services,1,3,no,12,5,yes,4,5,1,5,5
M,18,LE3,T,3,3,4,other,services,2,0,yes,8,10,yes,3,3,5,1,3
M,16,GT3,T,0,2,4,other,other,1,0,yes,0,11,no,3,2,5,2,4
M,18,GT3,T,3,2,4,services,other,1,0,no,8,7,no,4,5,5,2,4
M,16,GT3,T,3,3,5,at_home,other,2,1,yes,4,10,no,3,3,2,1,3
M,18,GT3,T,2,1,3,services,services,1,2,no,4,6,no,2,5,5,2,5
M,16,GT3,T,2,1,3,other,other,1,0,yes,2,12,no,3,2,3,1,3
M,17,GT3,T,2,1,4,other,other,1,0,yes,0,13,no,4,2,5,2,4
M,17,LE3,T,1,1,4,health,other,1,1,yes,0,10,no,4,4,5,1,2
F,18,LE3,A,2,1,4,other,other,2,0,yes,2,13,yes,3,4,5,1,3
F,17,LE3,T,4,2,4,teacher,services,4,0,yes,2,17,no,2,3,4,1,1
F,19,GT3,T,2,2,4,services,services,2,0,yes,0,11,no,3,3,5,1,1
M,18,LE3,T,2,1,4,services,other,2,1,no,4,11,no,4,5,5,4,4
F,17,GT3,T,4,2,4,other,other,3,0,yes,2,14,no,3,4,5,1,3
F,18,LE3,T,1,1,4,other,at_home,3,0,yes,4,14,no,4,3,3,2,3
F,18,GT3,T,2,2,3,other,other,2,0,yes,4,13,no,2,3,5,1,1
M,19,LE3,A,4,3,4,services,at_home,2,0,yes,4,14,no,3,1,1,1,1
M,18,GT3,T,2,1,5,other,other,2,0,yes,2,16,no,2,4,4,1,2
M,17,GT3,T,2,2,5,other,services,1,0,no,0,10,no,2,2,4,1,1
F,17,LE3,T,2,2,3,services,services,4,0,yes,2,12,yes,4,1,2,1,1
F,20,GT3,T,2,1,1,other,other,2,0,no,8,12,yes,2,3,2,1,2
F,18,GT3,T,4,3,3,services,other,2,0,yes,2,15,yes,1,2,2,1,3
M,18,GT3,T,4,3,4,teacher,other,2,0,yes,2,11,no,3,2,3,1,1
M,18,GT3,T,3,2,5,other,other,3,0,yes,2,12,no,3,2,3,1,1
F,17,GT3,T,3,3,3,other,other,3,0,yes,2,13,no,2,3,4,1,1
F,18,GT3,T,2,2,4,at_home,services,3,0,yes,0,13,yes,3,3,3,1,1
M,17,GT3,T,2,2,4,other,other,1,0,no,8,9,no,4,4,4,2,3
M,18,LE3,A,3,4,4,other,other,2,0,yes,6,16,no,2,5,1,3,4
M,17,GT3,T,3,1,5,services,other,2,0,yes,0,14,yes,4,4,5,3,4
F,18,GT3,T,4,4,4,teacher,other,2,0,yes,8,12,no,3,4,4,2,2
M,18,GT3,T,4,2,5,health,other,2,0,yes,4,14,yes,4,5,5,1,3
F,18,GT3,T,2,1,4,other,other,2,0,no,12,10,yes,3,5,3,1,2
F,19,GT3,T,3,3,4,other,services,2,0,yes,16,12,no,3,5,5,3,3
F,18,GT3,T,2,3,4,other,services,4,0,yes,10,16,yes,5,5,2,1,3
F,18,LE3,T,1,1,4,other,other,2,0,yes,2,13,no,4,3,3,1,1
M,17,GT3,T,1,2,3,at_home,at_home,2,0,yes,2,18,yes,5,2,1,2,2
F,18,GT3,T,2,1,4,other,other,2,0,yes,8,15,yes,2,5,1,1,2
F,17,GT3,T,2,4,4,at_home,health,2,0,yes,6,16,yes,3,3,1,1,1
F,17,LE3,T,2,2,4,services,other,2,0,yes,6,12,yes,4,4,5,2,3
F,18,GT3,A,3,2,4,other,services,2,0,no,15,10,yes,1,1,5,1,1
M,18,GT3,T,4,4,3,teacher,services,1,0,yes,6,12,no,2,4,3,1,4
F,18,GT3,T,4,4,2,health,health,2,1,yes,2,13,yes,4,4,4,1,1
F,17,GT3,T,2,2,4,other,services,3,0,yes,8,15,yes,2,3,1,1,1
F,19,GT3,T,3,2,3,services,services,2,1,no,0,10,no,3,3,3,4,3
M,18,LE3,T,4,3,4,teacher,services,1,0,yes,0,10,no,2,3,1,1,2
M,18,GT3,T,1,2,3,at_home,other,1,0,no,10,11,no,4,4,4,2,4
M,17,LE3,A,4,1,4,services,other,1,0,yes,22,10,yes,5,4,5,2,4
M,17,LE3,A,3,2,4,teacher,services,1,0,yes,18,13,no,4,4,3,3,4
F,18,LE3,T,1,1,5,at_home,other,4,0,yes,2,18,no,2,2,3,1,1
F,18,GT3,T,1,1,5,other,other,2,0,yes,0,13,no,4,4,4,1,1
F,17,GT3,T,2,2,5,other,other,2,0,yes,12,14,no,4,5,5,1,2
F,18,GT3,T,2,1,4,other,other,2,0,yes,10,14,yes,3,1,5,1,1
M,17,GT3,T,1,1,4,other,other,2,0,yes,0,12,no,3,3,4,1,2
F,18,GT3,T,2,2,4,at_home,at_home,3,0,yes,0,18,no,3,3,2,1,2
F,17,GT3,T,1,1,4,services,teacher,3,0,yes,0,14,no,3,3,3,1,1
M,18,GT3,T,2,1,4,services,services,3,0,yes,0,15,no,2,4,2,1,3
M,18,LE3,A,4,4,5,teacher,teacher,2,0,yes,0,17,no,4,3,2,1,1
M,18,GT3,T,4,2,4,teacher,other,2,0,yes,2,16,yes,3,2,5,1,4
F,17,GT3,T,4,3,4,health,services,3,0,yes,0,18,no,2,2,3,1,2
F,17,LE3,T,3,1,3,services,other,4,0,yes,0,19,no,1,2,3,1,1
M,18,LE3,T,3,2,5,services,other,3,0,yes,0,15,no,4,2,4,1,1
M,17,GT3,T,3,3,4,health,other,1,0,yes,0,15,no,4,3,5,1,3
F,19,GT3,T,4,4,2,health,other,2,0,yes,2,13,no,3,4,2,2,3
F,18,LE3,T,4,3,4,other,other,2,0,yes,0,14,yes,4,5,2,1,2
F,18,GT3,T,4,3,4,other,other,4,0,yes,0,17,no,3,3,3,1,1
M,18,LE3,T,4,4,1,teacher,teacher,1,0,yes,0,17,yes,4,2,1,2,2
F,18,LE3,A,4,4,4,health,other,2,0,yes,0,15,yes,2,4,4,1,1
M,17,LE3,T,4,4,4,other,teacher,1,0,yes,0,13,no,1,1,5,2,2
F,17,GT3,T,4,4,5,services,services,3,0,yes,0,8,no,3,4,5,1,1
F,17,GT3,T,4,2,4,other,other,3,0,yes,0,16,no,3,3,3,1,1
F,17,GT3,T,3,2,5,health,health,4,0,yes,0,18,no,2,2,5,1,2
M,19,LE3,T,2,1,4,at_home,services,3,1,yes,0,11,yes,3,1,5,1,1
M,20,GT3,A,3,2,5,services,other,1,2,yes,0,15,no,5,3,5,1,1
M,19,GT3,T,3,3,4,other,services,2,0,yes,0,11,yes,5,3,5,1,2
F,18,GT3,T,1,4,3,other,teacher,2,0,yes,2,11,yes,4,4,5,1,2
F,18,GT3,T,2,1,5,services,other,2,0,yes,2,15,no,3,3,1,1,2
F,17,GT3,T,2,3,4,other,other,2,0,yes,2,14,yes,2,1,3,1,1
F,17,GT3,T,4,4,4,teacher,teacher,1,0,yes,2,17,no,4,4,5,1,1
F,18,GT3,T,4,3,4,other,other,3,0,yes,2,17,yes,3,4,5,1,1
F,18,LE3,T,4,3,3,health,services,1,0,yes,8,15,no,2,4,1,1,4
F,17,GT3,T,3,4,4,at_home,services,3,0,yes,2,17,no,3,4,5,2,5
F,18,GT3,T,3,3,4,at_home,other,2,0,yes,8,14,no,1,4,3,1,1
M,19,GT3,T,4,2,5,health,other,2,0,yes,9,10,yes,4,4,1,1,1
F,18,GT3,T,4,4,4,teacher,other,2,0,yes,0,13,no,4,4,5,3,3
F,18,GT3,T,3,4,5,other,other,1,0,yes,4,14,yes,4,4,1,1,1
F,17,GT3,T,4,4,5,health,health,1,0,yes,2,17,no,3,4,5,1,2
F,17,GT3,A,4,3,5,services,services,2,0,yes,14,17,yes,2,2,5,1,2
F,17,LE3,A,3,3,5,services,other,2,0,yes,0,13,no,3,3,5,1,1
F,17,LE3,T,2,1,4,other,other,2,0,yes,2,14,no,2,3,2,2,2
M,18,LE3,T,4,4,4,other,other,1,0,yes,2,11,no,2,5,5,3,4
F,19,GT3,T,1,1,1,other,other,3,0,no,12,11,yes,5,5,5,4,3
F,19,LE3,A,1,1,5,other,other,2,2,yes,2,9,yes,3,4,4,1,1
F,18,GT3,T,2,2,4,other,other,1,0,yes,2,10,yes,3,5,5,2,4
F,17,GT3,T,2,2,4,other,other,2,0,yes,4,13,yes,2,2,3,1,1
F,17,LE3,T,2,2,3,services,services,3,0,yes,0,10,no,3,2,3,2,2
F,17,GT3,T,3,1,3,services,services,3,0,yes,0,17,no,4,3,5,2,3
F,17,LE3,T,0,2,3,at_home,at_home,3,0,yes,0,15,no,3,3,2,2,3
F,18,GT3,T,1,1,4,other,other,3,0,yes,0,14,no,5,5,2,1,2
M,18,GT3,T,4,4,4,other,other,3,0,yes,0,13,no,3,3,3,2,2
M,17,GT3,T,3,3,4,other,services,1,0,yes,0,17,no,3,5,5,3,5
M,17,GT3,T,2,2,4,services,other,1,0,yes,2,10,no,4,5,4,5,5
F,17,GT3,T,4,4,5,teacher,services,3,0,yes,0,13,no,4,4,4,1,3
F,17,GT3,T,4,4,4,teacher,teacher,3,0,yes,4,15,yes,3,3,4,1,2
F,17,GT3,T,3,3,4,at_home,other,1,0,yes,2,11,no,2,5,5,2,5
M,18,LE3,T,2,2,4,other,other,4,0,yes,0,12,no,5,5,5,2,4
M,19,GT3,T,3,2,5,at_home,services,1,0,yes,0,10,yes,3,4,5,2,2
F,18,GT3,T,2,2,4,at_home,other,2,0,yes,2,10,yes,2,5,2,1,1
F,17,GT3,T,2,4,4,at_home,other,3,0,yes,0,15,yes,4,3,5,1,1
M,18,GT3,T,2,2,5,other,other,1,0,yes,6,15,no,4,2,5,1,2
F,18,GT3,T,3,3,5,services,services,2,0,yes,8,12,no,3,4,4,1,1
F,18,LE3,T,2,2,4,other,other,2,0,yes,0,12,yes,3,3,2,1,1
F,18,GT3,T,2,2,4,at_home,other,4,0,yes,6,14,no,4,4,4,1,1
F,17,GT3,T,3,4,4,services,other,3,0,yes,8,14,no,4,5,5,1,3
F,17,GT3,T,3,2,4,other,other,2,0,yes,0,15,yes,3,2,2,2,3
F,18,LE3,T,3,3,5,services,services,4,0,yes,4,15,no,3,3,1,1,1
F,17,GT3,A,3,2,4,other,other,2,0,yes,0,16,no,3,3,2,2,3
M,18,GT3,T,4,4,4,teacher,services,2,0,yes,0,13,no,3,3,2,2,2
M,18,LE3,T,3,4,4,services,other,2,0,yes,6,17,yes,3,3,5,1,3
F,17,GT3,A,2,2,3,at_home,at_home,2,0,yes,18,14,yes,3,1,4,1,2
F,18,GT3,T,2,3,4,at_home,other,3,0,yes,0,14,no,3,3,3,1,2
F,18,GT3,T,3,2,5,other,services,3,0,yes,4,17,yes,4,3,1,2,3
M,18,GT3,T,4,3,5,teacher,services,3,0,yes,4,17,yes,3,2,4,1,2
M,18,GT3,T,4,3,5,teacher,other,3,0,yes,0,14,yes,4,5,5,2,3
F,17,GT3,T,4,3,4,health,other,3,0,yes,0,13,yes,4,3,4,1,3
F,17,GT3,T,2,1,4,services,other,2,0,yes,10,15,yes,3,4,1,2,2
F,17,GT3,T,2,1,4,services,other,2,0,yes,4,16,no,3,5,4,2,4
F,19,LE3,A,2,3,2,at_home,other,1,1,no,16,11,no,2,3,5,3,4
F,17,GT3,T,3,1,4,other,at_home,1,1,yes,6,13,yes,1,2,3,1,1
F,21,LE3,T,4,4,3,other,other,3,2,yes,0,12,no,3,2,5,1,1
M,18,LE3,T,2,2,4,services,services,2,0,no,11,12,no,4,4,3,1,3
M,18,LE3,A,3,4,4,other,other,2,0,yes,9,15,yes,3,5,2,1,4
F,17,GT3,T,2,2,4,services,services,2,0,yes,0,17,no,3,4,4,1,3
M,17,LE3,A,4,4,4,health,other,3,0,yes,2,15,no,4,2,4,1,2
F,18,LE3,T,4,2,4,teacher,other,2,0,yes,0,17,no,2,2,3,1,1
M,21,LE3,T,1,1,5,at_home,other,2,2,no,21,10,yes,3,3,4,5,2
F,20,GT3,T,1,1,3,other,other,3,0,yes,8,15,yes,2,2,3,1,3
F,19,GT3,T,4,4,3,teacher,other,1,1,yes,5,11,yes,2,5,5,4,4
M,17,LE3,A,3,2,4,other,other,2,0,yes,10,18,no,4,4,5,1,2
F,18,GT3,T,3,2,4,at_home,other,3,0,yes,5,17,yes,3,4,2,1,2
M,18,GT3,T,2,3,3,other,services,1,0,yes,13,14,no,1,3,4,4,5
M,19,GT3,T,2,1,5,other,other,1,0,yes,10,11,no,3,4,4,1,4
F,18,LE3,A,2,2,4,services,other,2,0,yes,10,17,no,1,4,4,1,3
F,20,GT3,T,1,0,5,other,other,1,1,yes,5,10,yes,3,1,5,1,1
F,18,GT3,T,3,2,3,services,other,2,0,yes,4,13,yes,1,2,1,1,2
F,16,GT3,T,1,3,4,at_home,other,1,0,no,11,11,yes,3,3,5,1,3
F,16,GT3,T,2,2,4,other,other,2,0,yes,0,12,no,4,4,5,1,1
F,15,GT3,T,1,1,4,at_home,services,1,1,yes,6,10,yes,1,3,2,1,1
F,15,GT3,T,3,3,5,at_home,other,1,0,yes,4,11,no,4,4,5,2,3
F,16,GT3,T,2,3,4,at_home,services,2,0,yes,0,17,no,5,2,5,1,2
F,15,LE3,T,2,1,1,at_home,other,1,0,no,0,9,no,3,4,1,1,1
M,16,LE3,A,4,4,5,at_home,other,2,0,yes,5,11,no,3,2,2,1,3
M,16,GT3,A,1,2,4,other,other,3,0,yes,0,11,no,4,3,5,1,1
F,17,GT3,T,3,2,4,at_home,other,2,1,yes,0,10,yes,5,4,5,1,2
F,17,GT3,T,1,1,5,other,other,1,1,no,0,7,no,4,4,5,2,2
F,15,GT3,T,4,4,1,teacher,other,1,0,yes,0,14,yes,5,1,5,3,5
F,16,LE3,A,2,2,1,at_home,other,4,0,no,4,11,yes,2,1,1,1,1
F,15,LE3,T,1,1,5,at_home,services,2,0,yes,0,10,no,4,3,4,1,2
F,15,LE3,T,1,1,4,other,services,1,1,yes,4,8,yes,4,3,2,1,2
F,16,GT3,T,0,2,3,other,other,1,0,yes,0,12,no,2,3,2,1,2
F,17,GT3,T,2,3,5,other,other,1,0,yes,2,12,no,5,5,3,1,3
F,15,GT3,T,3,3,4,other,services,1,0,yes,0,16,no,1,3,4,1,1
M,16,GT3,T,1,1,5,at_home,services,2,0,yes,0,0,yes,4,5,3,4,5
M,17,GT3,T,1,1,4,other,other,2,0,yes,4,9,no,4,3,5,2,4
M,15,LE3,T,4,1,5,health,services,2,0,yes,0,14,no,3,4,2,1,2
M,15,LE3,T,4,1,5,health,services,2,0,yes,7,8,no,3,4,2,1,2
M,16,GT3,T,3,4,3,other,health,2,0,yes,4,11,no,4,5,5,1,2
M,15,GT3,T,1,1,5,other,other,2,0,yes,8,9,yes,4,5,4,2,4
M,15,LE3,T,3,3,5,at_home,at_home,2,0,yes,0,11,no,3,3,5,1,1
M,17,GT3,T,2,1,5,other,other,1,0,no,8,9,yes,5,5,3,5,5
F,16,GT3,T,4,4,4,teacher,teacher,3,0,yes,6,17,yes,2,2,4,1,1
F,15,GT3,T,1,2,5,other,services,1,0,yes,3,13,no,1,2,1,1,1
F,16,GT3,T,2,3,4,other,services,2,0,yes,2,15,no,5,4,1,1,2
M,16,GT3,T,1,2,4,other,other,2,0,yes,0,11,no,3,3,5,1,1
F,16,GT3,T,2,2,4,other,other,2,0,yes,4,11,no,4,5,4,1,1
F,16,GT3,T,1,2,1,other,services,3,1,yes,0,8,no,3,2,4,1,2
F,16,GT3,T,1,2,1,other,services,3,1,yes,3,8,no,3,2,4,1,2
F,15,GT3,T,2,1,4,at_home,other,2,0,yes,0,9,no,4,2,2,3,3
F,16,GT3,T,1,1,5,at_home,other,2,0,yes,0,15,yes,4,3,2,2,1
M,17,LE3,T,1,2,5,at_home,services,1,0,yes,4,11,no,5,5,3,5,5
F,16,GT3,T,1,1,4,other,other,4,0,yes,0,13,no,3,2,1,1,1
F,16,GT3,T,1,1,4,at_home,other,3,0,yes,2,10,no,4,3,5,1,1
F,15,GT3,T,1,1,4,at_home,other,2,0,yes,1,11,no,3,3,2,1,1
F,16,GT3,T,1,1,4,at_home,other,1,0,yes,0,14,yes,2,2,2,4,3
F,15,GT3,T,1,1,4,at_home,at_home,2,0,yes,0,14,no,2,1,2,1,2
F,15,LE3,T,2,2,4,other,other,3,0,yes,2,12,no,4,3,5,2,2
M,16,GT3,T,1,1,3,at_home,other,1,0,yes,6,11,no,4,4,5,3,4
F,18,GT3,T,1,2,3,other,other,2,1,yes,9,8,yes,4,4,5,2,3
M,15,GT3,T,3,1,3,other,services,1,0,yes,0,11,no,2,3,4,1,3
F,16,GT3,T,2,2,5,other,services,2,0,yes,1,14,no,3,4,2,1,1
M,15,GT3,T,2,2,4,health,other,1,0,yes,1,13,no,3,3,4,1,2
M,16,GT3,T,4,4,4,other,teacher,2,0,yes,0,13,yes,3,1,3,1,1
F,15,GT3,T,3,3,4,services,other,2,0,yes,4,12,yes,5,4,1,1,1
F,16,GT3,T,2,2,4,at_home,other,2,1,yes,2,12,no,4,4,5,2,3
F,16,LE3,T,2,2,4,other,other,1,0,yes,0,16,yes,3,2,4,1,1
M,16,LE3,T,2,1,2,at_home,services,1,0,yes,4,10,no,4,3,4,2,3
M,15,LE3,T,1,3,4,at_home,other,1,0,yes,2,11,no,2,4,3,3,5
F,15,GT3,T,2,2,5,other,services,3,0,yes,0,14,no,3,2,4,1,1
F,16,LE3,T,2,1,5,other,other,1,0,yes,2,8,yes,4,3,5,1,1
M,15,GT3,T,3,3,4,services,services,1,0,yes,11,11,no,3,3,3,2,4
F,16,GT3,T,1,1,3,at_home,other,2,3,yes,0,8,no,4,3,1,1,1
F,17,GT3,T,2,2,4,other,at_home,1,0,no,4,10,no,5,3,5,1,1
F,19,GT3,T,2,3,4,at_home,services,1,1,no,0,10,yes,4,4,2,1,1
F,17,GT3,T,2,1,5,at_home,other,1,0,no,2,11,yes,5,3,3,1,1
F,15,LE3,T,1,1,5,at_home,other,1,0,no,0,9,yes,2,1,4,1,3
F,16,GT3,T,2,2,3,other,other,2,0,no,1,11,no,4,5,1,1,2
F,16,LE3,A,2,2,4,other,other,1,0,no,6,8,no,3,4,1,1,2
F,17,GT3,T,2,2,4,at_home,other,2,0,yes,0,11,no,3,5,4,1,2
F,16,GT3,T,2,2,4,other,services,1,1,yes,1,10,no,4,3,3,1,4
F,18,LE3,A,3,2,3,other,other,3,2,no,6,10,yes,3,2,2,1,1
F,19,GT3,T,1,1,5,at_home,services,3,1,no,6,9,yes,3,1,3,1,1
M,18,GT3,T,1,1,4,other,other,1,1,no,0,10,no,4,3,4,3,4
F,18,GT3,T,1,1,3,at_home,at_home,1,1,no,4,10,yes,2,3,2,1,1
F,19,GT3,T,1,1,1,other,other,2,1,yes,12,9,yes,1,4,1,4,1
F,16,GT3,A,2,2,3,health,other,2,0,yes,2,10,yes,3,2,3,1,1
F,17,GT3,T,0,1,2,other,at_home,1,0,yes,5,10,no,4,4,5,3,5
F,16,LE3,T,1,2,4,at_home,other,2,0,no,0,9,no,4,5,3,1,3
F,16,GT3,T,3,3,4,other,other,1,0,no,0,13,yes,5,4,4,1,1
F,16,LE3,T,1,1,4,services,services,1,0,yes,2,14,yes,4,4,4,2,2
M,17,GT3,T,3,3,5,services,at_home,4,1,yes,0,10,no,4,5,5,3,4
F,16,GT3,T,2,1,5,other,services,2,0,yes,0,14,no,3,3,1,1,1
F,16,GT3,T,2,2,4,services,other,1,0,yes,0,16,yes,2,5,5,1,2
M,17,GT3,T,1,2,5,other,other,1,1,no,12,7,yes,3,5,1,5,5
M,16,LE3,T,4,3,4,other,other,1,0,yes,8,13,no,2,5,5,1,5
M,17,LE3,T,2,2,1,services,services,4,1,yes,2,9,no,3,5,3,3,5
F,16,GT3,T,1,1,2,other,other,4,0,yes,0,14,no,2,1,5,1,1
F,19,LE3,T,2,2,5,other,other,3,0,yes,0,13,yes,4,5,1,1,1
F,17,GT3,T,1,1,4,at_home,other,1,0,yes,0,11,yes,4,5,5,1,2
F,20,GT3,T,3,3,3,at_home,services,2,1,yes,8,10,yes,3,4,3,2,4
F,17,LE3,T,1,1,4,other,services,3,0,yes,0,10,yes,3,3,3,1,1
M,17,GT3,T,2,2,4,other,other,1,1,yes,0,9,no,4,5,5,1,2
F,16,LE3,T,1,1,5,at_home,other,2,0,yes,0,18,no,3,2,1,1,1
F,17,GT3,T,2,2,5,other,other,2,0,yes,0,17,no,3,2,1,1,1
F,17,GT3,A,1,0,4,other,other,2,0,yes,1,10,yes,4,5,4,1,1
F,18,GT3,T,1,1,4,at_home,other,2,1,yes,9,7,yes,3,2,5,1,1
F,16,GT3,T,3,1,3,other,other,1,0,yes,0,8,no,1,3,1,1,3
F,16,GT3,T,3,2,3,services,at_home,1,0,yes,2,7,no,1,3,3,1,4
F,18,LE3,T,1,1,2,other,at_home,2,0,yes,8,10,no,3,5,3,1,4
F,16,GT3,T,4,4,4,health,teacher,2,0,yes,0,16,yes,3,3,2,2,3
F,16,LE3,T,1,2,5,other,other,1,0,yes,0,15,no,4,5,2,1,4
F,18,GT3,A,2,4,2,other,services,2,1,yes,8,8,no,3,2,1,1,3
M,16,GT3,T,2,1,5,other,services,2,0,yes,0,0,no,2,1,2,1,1
F,16,LE3,T,1,1,4,at_home,other,2,0,yes,6,8,no,3,2,5,1,3
F,16,GT3,T,2,3,3,at_home,services,2,0,yes,0,10,no,3,3,2,1,1
F,16,GT3,T,4,4,4,health,health,2,0,yes,4,8,yes,3,4,3,1,2
M,18,LE3,T,4,4,5,at_home,health,4,0,no,2,6,yes,5,5,5,5,5
F,16,LE3,T,3,4,4,at_home,other,2,0,yes,2,8,no,2,1,2,1,1
M,17,LE3,T,4,4,4,other,services,3,0,yes,0,16,no,4,3,5,1,2
F,17,GT3,T,4,1,4,other,other,1,0,yes,1,14,yes,2,3,5,1,2
M,16,LE3,T,2,2,5,services,services,3,0,yes,0,10,no,1,3,3,2,2
F,17,GT3,T,2,2,5,at_home,other,1,0,yes,5,9,no,1,3,5,1,2
F,16,LE3,T,4,4,5,services,services,1,0,yes,1,11,no,1,3,5,1,2
M,17,GT3,T,3,3,4,services,services,1,0,yes,8,9,no,1,4,3,5,5
M,17,GT3,T,1,1,5,at_home,services,2,0,yes,0,10,yes,1,3,1,3,3
M,16,GT3,T,2,1,4,health,services,2,0,yes,2,8,yes,2,2,5,1,4
F,16,LE3,T,2,1,3,other,services,2,0,yes,0,16,yes,2,2,3,1,1
M,16,LE3,T,4,4,4,teacher,health,1,0,yes,0,12,no,1,2,5,2,5
M,15,GT3,T,1,2,5,other,services,2,0,yes,11,10,no,5,5,5,1,3
M,15,LE3,A,2,2,5,other,other,4,0,yes,8,14,no,4,5,5,2,3
M,15,LE3,A,2,1,4,services,services,1,0,yes,11,12,no,3,3,5,1,2
F,16,LE3,T,2,2,4,other,other,3,0,yes,2,11,yes,3,3,5,2,2
F,16,LE3,T,4,1,1,other,other,2,0,yes,8,10,no,2,4,1,2,2
F,17,GT3,T,3,2,4,at_home,other,1,0,yes,5,11,yes,3,3,1,2,2
F,17,GT3,T,2,2,5,other,other,2,0,yes,0,11,no,1,3,5,1,1
F,16,GT3,T,4,4,5,teacher,services,3,0,yes,1,12,yes,3,5,5,1,4
M,17,GT3,T,4,4,3,health,other,1,3,yes,2,8,yes,3,3,5,1,3
M,17,LE3,T,1,3,5,other,other,1,0,yes,2,12,yes,1,2,5,3,3
M,17,GT3,T,3,4,5,services,other,2,1,yes,8,8,yes,4,4,5,3,4
F,17,GT3,T,4,4,5,health,health,2,0,yes,0,16,no,2,5,5,1,1
M,16,LE3,T,4,1,4,other,at_home,1,0,yes,0,11,no,1,2,2,2,1
F,17,GT3,A,1,1,4,at_home,at_home,2,0,yes,2,11,yes,5,5,3,1,2
F,17,GT3,T,4,2,4,other,other,2,0,yes,0,18,no,3,3,5,2,3
M,16,LE3,A,2,2,4,other,services,2,0,yes,0,13,yes,1,2,5,2,2
M,17,GT3,T,3,2,4,other,other,2,0,yes,0,13,no,1,2,1,2,2
M,19,GT3,T,1,1,4,other,other,2,2,no,2,10,no,4,3,4,3,4
M,17,LE3,A,1,0,4,other,other,1,0,yes,4,12,yes,1,2,5,1,1
F,17,GT3,T,1,1,3,at_home,at_home,1,0,no,3,10,yes,5,5,4,2,2
F,16,GT3,T,1,2,4,other,other,3,0,yes,5,13,yes,3,4,3,1,1
M,16,LE3,T,1,2,4,other,at_home,1,0,yes,4,11,no,4,4,5,2,4
F,17,GT3,T,3,1,5,other,other,2,3,yes,2,10,yes,4,4,5,1,1
M,17,GT3,T,2,2,5,other,other,1,0,no,0,10,yes,5,5,5,3,5
M,18,GT3,T,1,0,4,at_home,at_home,1,1,yes,0,13,no,3,2,4,1,1
M,17,GT3,T,1,1,4,other,services,1,0,yes,0,10,yes,5,5,2,1,3
M,18,LE3,T,1,1,4,at_home,at_home,2,0,yes,6,10,no,3,3,5,1,4
F,16,LE3,T,2,2,5,other,services,2,0,yes,0,12,yes,4,3,1,1,1
M,17,GT3,T,2,2,1,other,other,1,1,yes,0,0,yes,2,1,5,2,3
M,16,GT3,T,3,2,4,services,other,1,0,yes,2,10,no,5,5,5,2,3
M,16,LE3,T,1,1,4,at_home,other,1,0,yes,0,9,no,5,5,5,2,4
M,18,GT3,T,1,1,5,services,other,1,1,no,2,9,yes,3,3,5,2,3
M,18,GT3,T,3,2,2,services,other,1,1,no,0,0,no,3,1,5,2,2
M,19,GT3,T,3,2,3,at_home,services,1,3,yes,4,9,no,2,1,3,1,1
M,18,GT3,T,3,3,4,at_home,at_home,2,2,no,9,8,no,4,5,3,1,3
M,16,GT3,T,2,2,5,services,services,1,0,yes,6,8,yes,4,3,4,2,4
M,19,GT3,T,2,1,4,at_home,other,1,3,no,4,9,yes,4,3,5,1,3
F,16,GT3,A,3,2,2,services,at_home,2,2,yes,8,7,yes,5,5,1,1,1
F,17,GT3,T,1,1,4,other,at_home,1,0,yes,9,10,no,3,2,5,1,2
M,20,GT3,T,1,1,4,other,other,1,1,no,12,10,yes,4,3,4,2,4
F,18,GT3,A,4,3,5,services,services,1,0,yes,8,10,no,4,4,2,3,4
M,18,GT3,T,3,2,2,other,other,1,0,yes,8,11,no,5,5,5,5,5
M,19,GT3,T,1,1,5,other,services,2,1,yes,8,11,no,4,4,2,3,3
M,17,GT3,T,3,3,4,health,other,2,1,yes,4,10,no,5,4,3,2,3
M,18,LE3,T,1,3,4,at_home,services,1,0,no,0,9,yes,3,3,3,2,3
M,19,GT3,T,1,1,4,other,other,1,1,yes,4,10,no,4,4,5,3,3
F,18,GT3,A,1,2,4,at_home,other,2,2,yes,2,8,no,3,3,5,1,1
F,19,LE3,A,1,1,1,at_home,other,1,0,no,0,7,no,4,4,5,1,1
F,18,GT3,T,2,2,5,other,other,1,1,no,0,0,yes,5,5,3,1,1
F,17,GT3,T,0,0,4,at_home,other,1,0,yes,0,11,no,4,3,5,1,1
F,17,LE3,A,3,1,4,other,at_home,3,0,no,5,8,no,2,3,3,2,2
F,17,GT3,T,4,2,5,teacher,services,2,0,yes,0,0,no,5,5,5,1,3
F,18,LE3,T,2,2,2,services,services,2,1,yes,3,8,no,3,3,4,1,2
F,17,GT3,T,4,1,3,health,at_home,1,0,yes,0,9,yes,2,2,5,1,1
F,17,LE3,T,1,2,5,at_home,other,1,0,yes,0,10,no,5,1,3,1,1
F,18,GT3,T,1,1,3,other,other,2,2,yes,3,7,yes,4,4,5,2,2
F,18,GT3,T,2,2,4,services,at_home,2,0,yes,2,14,no,3,5,1,1,1
F,17,GT3,T,3,3,4,services,services,1,0,yes,0,13,no,4,3,4,1,1
F,18,LE3,A,1,2,4,at_home,other,2,0,yes,0,14,no,4,3,4,1,2
F,18,GT3,T,4,4,4,teacher,teacher,2,0,yes,0,18,no,3,5,1,1,2
M,18,LE3,T,4,4,5,services,other,1,0,yes,3,17,no,4,5,5,1,1
F,17,GT3,T,4,2,4,other,other,2,0,yes,0,18,no,3,3,4,1,2
F,18,GT3,T,2,2,4,at_home,other,2,1,yes,0,0,yes,3,3,4,1,1
M,18,LE3,T,1,2,4,at_home,services,1,0,yes,8,11,no,1,4,1,5,5
M,18,GT3,T,4,4,2,at_home,services,1,0,yes,5,14,yes,5,5,1,1,1
M,17,GT3,T,1,1,4,other,services,1,0,no,4,14,no,2,3,4,3,4
F,18,GT3,T,2,2,1,other,other,2,0,yes,4,10,yes,3,1,2,1,1
F,18,LE3,T,2,2,5,services,services,3,0,yes,0,13,yes,4,5,3,1,4
F,18,LE3,A,4,2,5,teacher,other,2,0,yes,0,0,yes,3,1,5,1,1
F,18,GT3,T,1,1,4,at_home,services,2,1,no,2,10,no,4,2,2,1,2
F,19,GT3,T,1,1,5,at_home,services,1,1,no,0,0,no,5,5,2,2,3
F,17,GT3,T,4,2,4,teacher,other,4,0,yes,0,18,yes,2,3,5,3,1
F,17,LE3,A,2,1,5,services,other,2,0,yes,5,12,yes,3,3,2,1,2
F,18,LE3,A,1,1,5,at_home,services,2,0,yes,2,11,yes,2,3,3,1,2
F,18,GT3,T,1,2,4,at_home,at_home,2,0,no,0,12,no,1,1,4,1,1
F,19,GT3,A,1,1,3,at_home,at_home,2,3,no,0,0,yes,5,4,1,1,4
F,18,GT3,T,2,2,4,services,other,3,0,yes,5,15,yes,2,1,4,1,1
M,17,GT3,T,4,3,4,services,other,2,1,yes,4,11,yes,5,5,2,1,3
F,18,GT3,T,3,3,5,services,services,2,0,yes,0,10,yes,3,4,5,1,1
F,17,GT3,T,4,4,4,teacher,services,2,0,yes,2,12,no,3,3,5,1,2
F,17,LE3,A,3,2,1,services,other,2,0,yes,0,15,yes,2,3,5,1,2
M,18,LE3,T,1,1,3,other,services,1,0,yes,2,14,yes,3,2,3,1,2
F,18,LE3,T,1,1,5,at_home,services,3,0,yes,0,18,no,3,2,4,1,1
F,18,LE3,A,1,2,4,at_home,other,2,0,yes,0,15,yes,3,4,5,1,4
F,18,GT3,T,3,3,4,services,services,2,0,yes,6,13,yes,3,2,3,1,3
F,17,LE3,T,4,4,2,at_home,at_home,2,0,yes,4,15,yes,3,4,1,1,1
F,17,GT3,T,1,2,3,other,services,2,0,yes,0,13,no,2,2,3,1,2
M,18,GT3,T,1,3,3,at_home,other,2,0,yes,0,9,no,3,4,3,2,4
M,18,LE3,T,4,4,4,teacher,services,3,0,yes,0,16,yes,2,2,5,2,2
F,17,GT3,T,1,1,5,other,services,1,1,yes,0,9,yes,2,1,1,1,2
F,18,GT3,T,2,3,5,at_home,services,1,0,yes,0,10,yes,2,3,4,1,2
F,18,GT3,T,4,4,3,other,teacher,2,0,yes,0,0,yes,2,2,5,4,2
M,18,LE3,T,1,2,4,at_home,services,1,0,no,3,10,yes,3,3,3,2,3
F,17,GT3,T,2,2,3,other,at_home,3,0,yes,8,12,yes,4,3,3,1,1
F,17,GT3,T,1,2,3,other,other,1,0,yes,4,9,no,5,5,1,1,3
F,18,LE3,T,4,4,5,other,other,3,0,yes,0,17,no,4,4,1,1,1
F,18,GT3,T,1,1,4,other,other,3,0,yes,4,12,no,3,2,4,1,2
F,19,GT3,T,1,1,4,at_home,other,2,1,yes,4,9,yes,3,3,3,1,1
F,18,LE3,T,4,4,5,teacher,services,2,0,yes,1,14,no,4,3,2,3,4
F,18,GT3,T,3,3,4,other,other,2,0,yes,1,16,yes,1,3,1,1,2
F,17,GT3,T,3,1,4,at_home,other,2,0,yes,10,9,no,5,4,1,2,3
M,18,GT3,T,4,4,3,teacher,teacher,2,0,yes,4,19,no,2,4,2,1,4
M,18,GT3,T,2,1,4,other,other,1,0,yes,0,0,yes,4,3,5,1,3
M,17,GT3,T,2,3,4,other,services,2,0,yes,4,16,no,4,3,3,1,1
M,19,GT3,T,1,1,4,other,services,1,1,yes,0,0,no,3,2,5,1,3
M,18,GT3,T,4,2,5,other,other,1,1,yes,0,0,no,4,3,3,4,3
F,18,GT3,T,2,2,5,at_home,other,3,0,yes,0,15,no,3,3,4,1,3
F,17,GT3,T,4,3,5,teacher,other,2,0,yes,0,11,no,5,4,1,1,1
F,18,GT3,T,4,4,4,teacher,at_home,1,0,yes,4,10,yes,4,3,5,2,2
F,19,GT3,T,2,3,5,services,other,3,1,yes,4,10,no,4,2,5,1,2
F,18,LE3,T,3,1,4,teacher,services,2,0,yes,4,16,no,3,4,1,1,1
F,18,GT3,T,1,1,1,other,other,2,0,yes,6,9,no,1,1,5,1,1
M,17,LE3,T,3,1,2,services,services,1,0,yes,6,10,no,4,5,2,3,4
M,18,LE3,T,3,2,4,services,other,1,0,yes,4,11,no,4,1,5,3,4
