,sex,age,Pstatus,famrel,Medu,Mjob,Fedu,Fjob,goout,health,Dalc,Walc
0,0.0,18,0.0,4,4,at_home,4,teacher,4,3,1,1
1,0.0,17,1.0,5,1,at_home,1,other,3,3,1,1
2,0.0,15,1.0,4,1,at_home,1,other,2,3,2,3
3,0.0,15,1.0,3,4,health,2,services,2,5,1,1
4,0.0,16,1.0,4,3,other,3,other,2,5,1,2
5,1.0,16,1.0,5,4,services,3,other,2,5,1,2
6,1.0,16,1.0,4,2,other,2,other,4,3,1,1
7,0.0,17,0.0,4,4,other,4,teacher,4,1,1,1
8,1.0,15,0.0,4,3,services,2,other,2,1,1,1
9,1.0,15,1.0,5,3,other,4,other,1,5,1,1
10,0.0,15,1.0,3,4,teacher,4,health,3,2,1,2
11,0.0,15,1.0,5,2,services,1,other,2,4,1,1
12,1.0,15,1.0,4,4,health,4,services,3,5,1,3
13,1.0,15,1.0,5,4,teacher,3,other,3,3,1,2
14,1.0,15,0.0,4,2,other,2,other,2,3,1,1
15,0.0,16,1.0,4,4,health,4,other,4,2,1,2
16,0.0,16,1.0,3,4,services,4,services,3,2,1,2
17,0.0,16,1.0,5,3,other,3,other,2,4,1,1
18,1.0,17,1.0,5,3,services,2,services,5,5,2,4
19,1.0,16,1.0,3,4,health,3,other,3,5,1,3
20,1.0,15,1.0,4,4,teacher,3,other,1,1,1,1
21,1.0,15,1.0,5,4,health,4,health,2,5,1,1
22,1.0,16,1.0,4,4,teacher,2,other,1,5,1,3
23,1.0,16,1.0,5,2,other,2,other,4,5,2,4
24,0.0,15,1.0,4,2,services,4,health,2,5,1,1
25,0.0,16,1.0,1,2,services,2,services,2,5,1,3
26,1.0,15,1.0,4,2,other,2,other,2,5,1,2
27,1.0,15,1.0,2,4,health,2,services,4,1,2,4
28,1.0,16,0.0,5,3,services,4,other,3,5,1,1
29,1.0,16,1.0,4,4,teacher,4,teacher,5,5,5,5
30,1.0,15,1.0,5,4,health,4,services,2,5,3,4
31,1.0,15,1.0,4,4,services,4,services,1,5,1,1
32,1.0,15,1.0,4,4,teacher,3,at_home,2,5,1,1
33,1.0,15,1.0,5,3,other,3,other,2,2,1,1
34,1.0,16,1.0,5,3,other,2,other,3,5,1,1
35,0.0,15,1.0,3,2,other,3,other,1,5,1,1
36,1.0,15,1.0,5,4,teacher,3,services,3,4,1,1
37,1.0,16,0.0,2,4,other,4,teacher,3,5,1,1
38,0.0,15,1.0,4,3,services,4,health,2,5,1,1
39,0.0,15,1.0,4,2,at_home,2,other,1,2,1,1
40,0.0,16,1.0,3,2,other,2,other,3,3,1,2
41,1.0,15,1.0,5,4,teacher,4,other,3,5,2,4
42,1.0,15,1.0,4,4,services,4,teacher,3,5,1,1
43,1.0,15,1.0,5,2,services,2,services,1,1,1,1
44,0.0,16,1.0,4,2,other,2,at_home,3,5,2,2
45,0.0,15,0.0,5,4,other,3,other,2,5,1,1
46,0.0,16,0.0,2,3,other,3,services,5,3,1,4
47,1.0,16,1.0,4,4,health,3,services,2,2,1,1
48,1.0,15,1.0,4,4,teacher,2,other,3,5,2,2
49,0.0,15,1.0,4,4,services,4,teacher,4,3,1,1
50,0.0,16,1.0,4,2,services,2,services,3,4,2,3
51,0.0,15,1.0,4,4,health,2,other,3,5,1,1
52,1.0,15,0.0,5,4,health,2,health,5,5,3,4
53,0.0,15,1.0,3,4,services,4,services,4,5,2,3
54,0.0,15,0.0,5,3,other,3,other,4,1,4,4
55,0.0,16,0.0,5,2,other,1,other,4,2,1,1
56,0.0,15,0.0,4,4,services,3,services,2,1,1,1
57,1.0,15,1.0,3,4,teacher,4,health,2,5,1,1
58,1.0,15,1.0,4,1,other,2,at_home,2,5,1,1
59,0.0,16,1.0,4,4,services,2,other,3,5,1,1
60,0.0,16,1.0,2,4,health,4,teacher,4,4,2,3
61,0.0,16,1.0,5,1,services,1,services,5,5,5,5
62,0.0,16,1.0,4,1,other,2,services,3,1,1,1
63,0.0,16,1.0,3,4,teacher,3,health,4,4,2,4
64,0.0,15,1.0,4,4,services,3,services,4,2,2,4
65,0.0,16,1.0,5,4,teacher,3,services,3,1,1,2
66,1.0,15,0.0,1,4,other,4,services,3,3,5,5
67,0.0,16,1.0,4,3,services,1,other,3,5,1,2
68,0.0,15,1.0,4,2,health,2,services,3,4,1,3
69,0.0,15,1.0,4,3,other,1,other,2,3,2,3
70,1.0,16,1.0,4,3,other,1,other,2,5,1,1
71,1.0,15,1.0,3,4,other,2,other,3,3,1,1
72,0.0,15,1.0,3,1,other,1,other,4,5,2,4
73,1.0,16,1.0,5,3,other,1,other,2,5,2,2
74,0.0,16,1.0,4,3,other,3,services,3,5,2,4
75,1.0,15,1.0,4,4,teacher,3,other,3,5,2,3
76,1.0,15,1.0,3,4,teacher,0,other,3,1,1,1
77,0.0,16,1.0,5,2,other,2,other,3,3,1,3
78,1.0,17,1.0,4,2,other,1,other,1,3,1,1
79,0.0,16,1.0,2,3,at_home,4,other,3,3,1,2
80,1.0,15,1.0,3,2,other,3,services,2,3,1,3
81,1.0,15,1.0,5,2,other,3,other,2,5,1,2
82,0.0,15,1.0,4,3,services,2,other,4,5,1,1
83,1.0,15,1.0,5,2,services,2,services,3,4,1,3
84,0.0,15,1.0,4,1,other,1,other,2,4,2,3
85,0.0,15,1.0,4,4,services,4,services,4,5,2,3
86,0.0,16,1.0,4,2,at_home,2,other,4,2,1,2
87,0.0,15,1.0,5,4,other,2,other,3,1,1,3
88,1.0,16,1.0,4,2,services,2,other,2,3,1,1
89,1.0,16,0.0,4,4,teacher,4,health,3,5,3,5
90,0.0,16,1.0,4,3,other,3,other,3,4,1,3
91,0.0,15,1.0,4,4,services,3,other,5,1,1,3
92,0.0,16,1.0,3,3,other,1,other,3,2,2,3
93,0.0,16,1.0,5,4,teacher,2,services,3,1,1,1
94,1.0,15,1.0,4,2,services,2,health,4,4,1,1
95,0.0,15,1.0,3,1,at_home,1,other,2,1,1,1
96,1.0,16,1.0,3,4,services,3,other,3,4,1,1
97,0.0,16,1.0,4,2,other,1,other,5,5,1,1
98,0.0,16,1.0,5,4,other,4,other,4,1,1,2
99,0.0,16,1.0,5,4,other,3,at_home,5,3,1,1
100,1.0,16,1.0,4,4,services,4,services,5,4,5,5
101,1.0,16,1.0,4,4,services,4,teacher,3,4,1,1
102,1.0,15,1.0,5,4,services,4,other,3,5,1,1
103,0.0,15,1.0,4,3,services,2,other,5,2,1,1
104,1.0,15,0.0,5,3,services,4,other,4,1,1,1
105,0.0,15,0.0,4,3,other,3,health,3,4,1,1
106,0.0,15,1.0,5,2,other,2,other,2,3,1,1
107,1.0,16,1.0,5,3,services,3,other,3,5,1,1
108,1.0,15,1.0,1,4,other,4,other,5,1,3,5
109,0.0,16,1.0,5,4,health,4,health,5,4,1,1
110,1.0,15,0.0,5,4,teacher,4,teacher,3,4,1,1
111,0.0,16,1.0,4,3,services,3,other,2,2,1,1
112,0.0,16,1.0,3,2,at_home,2,other,2,5,1,1
113,1.0,15,1.0,3,4,teacher,2,other,2,3,1,1
114,1.0,15,1.0,5,2,health,1,services,2,5,1,1
115,1.0,16,1.0,5,4,teacher,4,teacher,4,5,1,2
116,1.0,15,1.0,4,4,other,4,teacher,3,2,1,1
117,1.0,16,1.0,5,3,other,3,services,2,5,1,1
118,1.0,17,1.0,5,1,other,3,other,4,5,1,4
119,1.0,15,1.0,3,3,other,4,other,3,4,1,2
120,0.0,15,1.0,3,1,at_home,2,services,3,1,1,2
121,1.0,15,1.0,5,2,services,2,services,4,5,1,2
122,0.0,16,1.0,4,2,other,4,health,2,5,1,2
123,1.0,16,1.0,3,4,health,4,other,4,5,1,4
124,0.0,16,1.0,5,2,other,2,other,4,5,1,1
125,1.0,15,1.0,5,3,services,4,services,5,5,3,2
126,0.0,15,0.0,5,3,other,4,other,2,1,1,1
127,0.0,19,1.0,3,0,at_home,1,other,2,5,1,1
128,1.0,18,1.0,3,2,services,2,other,3,4,1,2
129,1.0,16,1.0,3,4,teacher,4,teacher,5,4,2,5
130,0.0,15,1.0,4,3,services,4,teacher,2,5,2,2
131,0.0,15,1.0,4,1,at_home,1,other,3,4,1,2
132,0.0,17,1.0,3,2,other,2,other,4,5,1,3
133,0.0,16,0.0,3,3,services,4,other,1,5,1,4
134,1.0,15,1.0,5,3,at_home,4,teacher,3,5,1,1
135,0.0,15,1.0,4,4,services,4,at_home,3,5,1,1
136,1.0,17,1.0,5,3,at_home,4,other,5,5,2,4
137,0.0,16,0.0,4,3,other,3,other,2,5,1,1
138,1.0,16,1.0,4,1,services,1,other,4,5,1,3
139,0.0,15,1.0,4,4,teacher,4,teacher,2,5,1,1
140,1.0,15,1.0,2,4,teacher,3,services,2,3,1,1
141,1.0,16,1.0,2,2,services,2,services,3,2,2,2
142,0.0,15,1.0,4,4,teacher,4,services,2,5,1,1
143,0.0,16,1.0,3,1,at_home,1,at_home,4,1,3,3
144,1.0,17,1.0,5,2,other,1,other,5,5,1,2
145,0.0,15,1.0,4,1,other,1,services,2,5,1,2
146,0.0,15,1.0,3,3,health,2,services,2,3,1,1
147,0.0,15,1.0,4,1,at_home,2,other,2,5,1,1
148,1.0,16,1.0,3,4,teacher,4,teacher,2,5,2,1
149,1.0,15,0.0,4,2,services,1,other,5,5,2,5
150,1.0,18,1.0,2,1,other,1,other,5,4,2,5
151,1.0,16,1.0,4,2,at_home,1,other,4,5,3,5
152,0.0,15,1.0,4,3,services,3,services,1,3,2,3
153,1.0,19,1.0,4,3,services,2,at_home,4,4,1,1
154,0.0,17,1.0,4,4,other,4,teacher,1,4,1,1
155,1.0,15,1.0,4,2,at_home,3,services,4,1,1,1
156,1.0,17,1.0,2,1,other,2,other,2,5,3,3
157,0.0,18,1.0,5,1,at_home,1,other,5,4,1,5
158,1.0,16,1.0,4,2,at_home,2,other,2,3,1,2
159,1.0,16,1.0,4,3,other,3,services,5,5,4,4
160,1.0,17,1.0,3,2,at_home,1,other,2,5,2,2
161,1.0,15,1.0,4,3,other,2,other,4,3,1,4
162,1.0,16,1.0,4,1,other,2,other,4,5,2,4
163,1.0,17,1.0,5,1,at_home,3,services,3,2,1,4
164,1.0,17,1.0,5,1,other,1,services,5,5,1,5
165,1.0,16,1.0,4,3,services,2,services,2,2,1,1
166,1.0,16,1.0,4,2,other,2,other,5,4,2,4
167,0.0,16,1.0,4,4,health,2,services,3,3,1,1
168,0.0,16,1.0,5,2,other,2,other,5,4,1,1
169,0.0,16,1.0,4,4,health,4,health,2,3,1,1
170,1.0,16,1.0,3,3,other,4,other,5,2,2,4
171,1.0,16,1.0,4,1,other,0,other,2,3,1,1
172,1.0,17,1.0,4,4,teacher,4,other,4,5,1,3
173,0.0,16,1.0,4,1,at_home,3,services,5,3,1,1
174,0.0,16,1.0,4,3,other,3,other,5,4,1,1
175,1.0,17,1.0,4,4,teacher,3,other,4,4,4,4
176,0.0,16,1.0,3,2,services,2,other,4,5,1,4
177,1.0,17,1.0,4,3,other,3,other,4,4,1,4
178,1.0,16,1.0,4,4,teacher,2,services,3,3,3,4
179,1.0,17,1.0,5,4,other,3,other,3,2,1,1
180,1.0,16,1.0,3,4,teacher,3,other,3,3,2,3
181,1.0,16,1.0,4,3,services,3,other,3,3,1,2
182,0.0,17,1.0,5,2,services,4,services,2,5,2,3
183,0.0,17,1.0,5,3,other,3,other,3,1,2,3
184,0.0,16,1.0,1,3,other,2,other,2,1,1,2
185,1.0,17,1.0,4,3,services,3,services,4,4,2,3
186,1.0,16,1.0,3,1,services,2,services,3,3,1,2
187,1.0,16,1.0,4,2,other,1,other,3,5,1,2
188,0.0,17,0.0,3,3,health,3,other,3,3,1,3
189,1.0,17,1.0,3,1,at_home,2,other,3,3,1,5
190,0.0,16,1.0,4,2,services,3,services,3,2,1,1
191,0.0,17,1.0,5,1,at_home,1,services,3,3,1,1
192,1.0,17,1.0,4,1,at_home,2,services,4,5,4,5
193,1.0,16,1.0,4,3,services,3,services,2,5,3,4
194,1.0,16,1.0,5,2,other,3,other,3,3,1,1
195,0.0,17,1.0,4,2,services,4,services,2,5,1,1
196,1.0,17,1.0,5,4,services,4,teacher,3,5,1,2
197,1.0,16,1.0,3,3,teacher,3,other,4,3,3,5
198,0.0,17,1.0,4,4,services,4,teacher,4,2,2,3
199,0.0,16,1.0,4,4,teacher,4,teacher,2,3,1,2
200,0.0,16,1.0,4,4,health,3,other,5,2,1,5
201,0.0,16,1.0,4,2,other,3,other,3,4,1,3
202,0.0,17,1.0,4,1,other,1,other,4,1,1,3
203,0.0,17,1.0,5,2,other,2,other,2,3,1,2
204,0.0,16,1.0,5,2,services,2,services,5,5,1,1
205,0.0,17,1.0,4,3,at_home,4,services,3,5,3,4
206,0.0,16,0.0,2,3,services,1,other,3,4,2,2
207,0.0,16,1.0,1,4,teacher,3,other,2,1,1,1
208,0.0,16,1.0,4,1,at_home,1,other,2,5,1,4
209,0.0,17,1.0,4,4,teacher,3,other,2,4,1,1
210,0.0,19,1.0,4,3,other,3,other,3,3,1,2
211,1.0,17,1.0,5,4,services,4,other,5,3,4,5
212,0.0,16,0.0,3,2,other,2,other,4,4,1,1
213,1.0,18,1.0,4,2,services,2,other,4,5,2,4
214,0.0,17,1.0,5,4,services,4,other,1,3,1,2
215,0.0,17,1.0,4,3,other,2,other,4,1,1,3
216,0.0,17,1.0,3,4,other,3,other,5,1,2,4
217,1.0,18,1.0,3,3,services,3,health,4,4,2,4
218,0.0,17,1.0,3,2,at_home,3,other,3,3,1,4
219,0.0,17,1.0,4,2,at_home,2,at_home,3,4,1,1
220,0.0,17,1.0,4,2,at_home,1,services,5,5,1,2
221,0.0,17,1.0,4,1,at_home,1,other,4,5,1,1
222,0.0,16,1.0,2,2,services,3,teacher,1,3,1,1
223,1.0,18,1.0,3,2,other,2,other,3,4,5,5
224,0.0,16,1.0,5,4,teacher,4,services,2,5,1,1
225,0.0,18,1.0,5,3,other,1,other,3,4,1,1
226,0.0,17,1.0,5,3,other,2,other,4,3,1,3
227,1.0,17,1.0,5,2,services,3,services,3,3,1,3
228,1.0,18,1.0,4,2,at_home,1,other,2,3,4,5
229,0.0,17,0.0,3,2,other,1,other,3,3,1,2
230,0.0,17,1.0,3,4,health,3,other,3,3,1,2
231,1.0,17,1.0,4,2,other,2,other,2,1,1,1
232,1.0,17,1.0,4,4,teacher,4,teacher,5,2,1,3
233,1.0,16,1.0,4,4,health,4,other,4,1,2,4
234,1.0,16,1.0,3,1,other,1,other,2,5,1,1
235,1.0,16,1.0,5,3,at_home,2,other,3,2,1,3
236,1.0,17,1.0,4,2,other,2,other,2,4,5,5
237,0.0,16,1.0,4,2,other,1,other,2,5,1,1
238,0.0,17,1.0,2,2,at_home,1,services,1,3,1,1
239,1.0,18,1.0,5,2,other,2,services,4,2,3,5
240,1.0,17,1.0,2,4,health,3,other,5,5,1,4
241,1.0,17,0.0,3,4,teacher,4,other,3,4,2,3
242,1.0,16,1.0,5,4,teacher,3,other,5,3,1,1
243,1.0,16,1.0,5,4,services,4,services,2,5,1,2
244,0.0,18,1.0,4,2,other,1,other,4,3,1,1
245,1.0,16,1.0,4,2,other,1,other,3,4,1,1
246,1.0,17,1.0,5,2,other,3,other,2,2,1,1
247,1.0,22,1.0,5,3,services,1,services,5,1,5,5
248,1.0,18,1.0,4,3,other,3,services,3,5,1,3
249,1.0,16,1.0,4,0,other,2,other,2,5,2,4
250,1.0,18,1.0,4,3,services,2,other,5,5,2,4
251,1.0,16,1.0,5,3,at_home,3,other,3,2,1,3
252,1.0,18,1.0,3,2,services,1,services,5,5,2,5
253,1.0,16,1.0,3,2,other,1,other,2,3,1,3
254,1.0,17,1.0,4,2,other,1,other,2,5,2,4
255,1.0,17,1.0,4,1,health,1,other,4,5,1,2
256,0.0,17,1.0,4,4,teacher,2,services,3,4,1,1
257,1.0,19,0.0,4,4,services,3,at_home,1,1,1,1
258,1.0,18,1.0,5,2,other,1,other,4,4,1,2
259,0.0,17,1.0,3,2,services,2,services,1,2,1,1
260,0.0,18,1.0,3,4,services,3,other,2,2,1,3
261,1.0,18,1.0,4,4,teacher,3,other,2,3,1,1
262,1.0,18,1.0,5,3,other,2,other,2,3,1,1
263,0.0,17,1.0,3,3,other,3,other,3,4,1,1
264,0.0,18,1.0,4,2,at_home,2,services,3,3,1,1
265,1.0,18,0.0,4,3,other,4,other,5,1,3,4
266,1.0,17,1.0,5,3,services,1,other,4,5,3,4
267,0.0,18,1.0,4,4,teacher,4,other,4,4,2,2
268,1.0,18,1.0,5,4,health,2,other,5,5,1,3
269,0.0,18,1.0,4,2,other,1,other,5,3,1,2
270,0.0,19,1.0,4,3,other,3,services,5,5,3,3
271,0.0,18,1.0,4,2,other,3,services,5,2,1,3
272,0.0,18,1.0,4,1,other,1,other,3,3,1,1
273,1.0,17,1.0,3,1,at_home,2,at_home,2,1,2,2
274,0.0,17,1.0,4,2,at_home,4,health,3,1,1,1
275,0.0,17,1.0,4,2,services,2,other,4,5,2,3
276,0.0,18,0.0,4,3,other,2,services,1,5,1,1
277,1.0,18,1.0,3,4,teacher,4,services,4,3,1,4
278,0.0,18,1.0,2,4,health,4,health,4,4,1,1
279,1.0,18,1.0,4,4,teacher,3,services,3,1,1,2
280,1.0,17,0.0,4,4,services,1,other,4,5,2,4
281,1.0,17,0.0,4,3,teacher,2,services,4,3,3,4
282,0.0,18,1.0,5,1,at_home,1,other,2,3,1,1
283,0.0,18,1.0,5,1,other,1,other,4,4,1,1
284,0.0,17,1.0,5,2,other,2,other,5,5,1,2
285,1.0,17,1.0,4,1,other,1,other,3,4,1,2
286,0.0,18,1.0,4,2,at_home,2,at_home,3,2,1,2
287,0.0,17,1.0,4,1,services,1,teacher,3,3,1,1
288,1.0,18,1.0,4,2,services,1,services,4,2,1,3
289,1.0,18,0.0,5,4,teacher,4,teacher,3,2,1,1
290,1.0,18,1.0,4,4,teacher,2,other,2,5,1,4
291,0.0,17,1.0,4,4,health,3,services,2,3,1,2
292,0.0,18,1.0,5,2,services,1,at_home,3,5,1,1
293,0.0,17,1.0,3,3,services,1,other,2,3,1,1
294,1.0,18,1.0,5,3,services,2,other,2,4,1,1
295,1.0,17,1.0,4,3,health,3,other,3,5,1,3
296,0.0,19,1.0,2,4,health,4,other,4,2,2,3
297,0.0,18,1.0,4,4,other,3,other,5,2,1,2
298,0.0,18,1.0,4,4,other,3,other,3,3,1,1
299,1.0,18,1.0,1,4,teacher,4,teacher,2,1,2,2
300,0.0,18,0.0,4,4,health,4,other,4,4,1,1
301,1.0,17,1.0,4,4,other,4,teacher,1,5,2,2
302,0.0,17,1.0,4,4,other,2,other,3,3,1,1
303,0.0,17,1.0,5,3,health,2,health,2,5,1,2
304,1.0,19,1.0,4,3,other,3,other,4,3,1,1
305,0.0,18,1.0,4,2,services,4,at_home,3,3,1,1
306,1.0,20,0.0,5,3,services,2,other,3,5,1,1
307,1.0,19,1.0,4,4,teacher,4,services,4,4,1,1
308,1.0,19,1.0,4,3,other,3,services,3,5,1,2
309,0.0,19,1.0,4,1,at_home,1,other,3,3,1,3
310,0.0,19,1.0,4,1,services,2,services,4,3,2,2
311,0.0,19,1.0,3,2,at_home,1,other,1,2,1,1
312,1.0,19,1.0,4,1,other,2,services,2,4,2,2
313,0.0,19,1.0,4,3,services,2,other,2,1,1,2
314,0.0,19,1.0,4,1,at_home,1,health,2,3,1,1
315,0.0,19,1.0,4,2,other,3,other,2,3,1,1
316,0.0,18,1.0,5,2,services,1,other,3,1,1,2
317,0.0,18,1.0,4,4,other,3,other,4,5,1,1
318,0.0,17,1.0,4,3,at_home,4,services,4,5,2,5
319,0.0,18,1.0,4,4,teacher,4,other,4,5,3,3
320,0.0,17,0.0,5,4,services,3,services,2,5,1,2
321,0.0,17,1.0,4,2,other,2,other,2,3,1,1
322,0.0,17,1.0,3,2,services,2,services,2,3,2,2
323,0.0,17,1.0,3,3,services,1,services,3,5,2,3
324,0.0,17,1.0,3,0,at_home,2,at_home,3,2,2,3
325,1.0,18,1.0,4,4,other,4,other,3,3,2,2
326,1.0,17,1.0,4,3,other,3,services,5,5,3,5
327,1.0,17,1.0,4,2,services,2,other,5,4,5,5
328,0.0,17,1.0,5,4,teacher,4,services,4,4,1,3
329,0.0,17,1.0,4,4,teacher,4,teacher,3,4,1,2
330,1.0,18,1.0,4,2,other,2,other,5,5,2,4
331,0.0,17,1.0,4,2,at_home,4,other,3,5,1,1
332,0.0,18,1.0,5,3,services,3,services,4,4,1,1
333,0.0,18,1.0,4,2,other,2,other,3,2,1,1
334,0.0,18,1.0,4,2,at_home,2,other,4,4,1,1
335,0.0,17,1.0,4,3,services,4,other,5,5,1,3
336,0.0,19,0.0,5,3,services,1,at_home,3,5,1,2
337,0.0,17,1.0,4,3,other,2,other,2,2,2,3
338,0.0,18,1.0,5,3,services,3,services,3,1,1,1
339,0.0,17,0.0,4,3,other,2,other,3,2,2,3
340,0.0,19,1.0,4,2,services,1,services,4,3,1,3
341,1.0,18,1.0,4,4,teacher,4,services,3,2,2,2
342,1.0,18,1.0,4,3,services,4,other,3,5,1,3
343,0.0,17,0.0,3,2,at_home,2,at_home,1,4,1,2
344,0.0,18,1.0,4,2,at_home,3,other,3,3,1,2
345,0.0,18,1.0,5,3,other,2,services,3,1,2,3
346,1.0,18,1.0,5,4,teacher,3,services,2,4,1,2
347,1.0,18,1.0,5,4,teacher,3,other,5,5,2,3
348,0.0,17,1.0,4,4,health,3,other,3,4,1,3
349,1.0,18,1.0,2,3,other,2,other,5,5,5,5
350,1.0,19,1.0,5,1,other,1,services,4,2,3,3
351,1.0,17,1.0,4,3,health,3,other,4,3,2,3
352,1.0,18,1.0,4,1,at_home,3,services,3,3,2,3
353,1.0,19,1.0,4,1,other,1,other,4,5,3,3
354,1.0,17,1.0,4,4,services,3,other,5,2,1,3
355,0.0,18,1.0,5,3,services,3,services,4,5,1,1
356,0.0,17,1.0,4,4,teacher,4,services,3,5,1,2
357,0.0,17,0.0,1,3,services,2,other,3,5,1,2
358,1.0,18,1.0,3,1,other,1,services,2,3,1,2
359,0.0,18,1.0,5,1,at_home,1,services,2,4,1,1
360,0.0,18,0.0,4,1,at_home,4,other,4,5,1,4
361,1.0,18,1.0,4,1,at_home,1,other,3,5,2,3
362,0.0,18,1.0,4,3,services,3,services,2,3,1,3
363,0.0,17,1.0,2,4,at_home,4,at_home,4,1,1,1
364,0.0,17,1.0,3,1,other,2,services,2,3,1,2
365,1.0,18,1.0,3,1,at_home,3,other,4,3,2,4
366,1.0,18,1.0,4,4,teacher,4,services,2,5,2,2
367,0.0,17,1.0,5,1,other,1,services,1,1,1,2
368,0.0,18,1.0,5,2,at_home,3,services,3,4,1,2
369,0.0,18,1.0,3,4,other,4,teacher,2,5,4,2
370,0.0,19,1.0,3,3,services,2,services,2,3,1,1
371,1.0,18,1.0,4,1,at_home,2,services,3,3,2,3
372,0.0,17,1.0,3,2,other,2,at_home,3,3,1,1
373,0.0,17,1.0,3,1,other,2,other,5,1,1,3
374,0.0,18,1.0,5,4,other,4,other,4,1,1,1
375,0.0,18,1.0,4,1,other,1,other,2,4,1,2
376,0.0,20,1.0,5,4,health,2,other,3,3,1,1
377,0.0,18,1.0,5,4,teacher,4,services,3,2,3,4
378,0.0,18,1.0,4,3,other,3,other,3,1,1,2
379,0.0,17,1.0,4,3,at_home,1,other,4,1,2,3
380,1.0,18,1.0,3,4,teacher,4,teacher,4,2,1,4
381,1.0,18,1.0,4,2,other,1,other,3,5,1,3
382,1.0,17,1.0,4,2,other,3,services,3,3,1,1
383,1.0,19,1.0,4,1,other,1,services,2,5,1,3
384,1.0,18,1.0,5,4,other,2,other,3,3,4,3
385,0.0,18,1.0,5,2,at_home,2,other,3,4,1,3
386,0.0,18,1.0,4,4,teacher,4,at_home,3,5,2,2
387,0.0,19,1.0,5,2,services,3,other,2,5,1,2
388,0.0,18,1.0,4,3,teacher,1,services,4,1,1,1
389,0.0,18,1.0,1,1,other,1,other,1,5,1,1
390,1.0,20,0.0,5,2,services,2,services,4,4,4,5
391,1.0,17,1.0,2,3,services,1,services,5,2,3,4
392,1.0,21,1.0,5,1,other,1,other,3,3,3,3
393,1.0,18,1.0,4,3,services,2,other,1,5,3,4
394,1.0,19,1.0,3,1,other,1,at_home,3,5,3,3
395,0.0,18,0.0,4,4,at_home,4,teacher,4,3,1,1
396,0.0,17,1.0,5,1,at_home,1,other,3,3,1,1
397,0.0,15,1.0,4,1,at_home,1,other,2,3,2,3
398,0.0,15,1.0,3,4,health,2,services,2,5,1,1
399,0.0,16,1.0,4,3,other,3,other,2,5,1,2
400,1.0,16,1.0,5,4,services,3,other,2,5,1,2
401,1.0,16,1.0,4,2,other,2,other,4,3,1,1
402,0.0,17,0.0,4,4,other,4,teacher,4,1,1,1
403,1.0,15,0.0,4,3,services,2,other,2,1,1,1
404,1.0,15,1.0,5,3,other,4,other,1,5,1,1
405,0.0,15,1.0,3,4,teacher,4,health,3,2,1,2
406,0.0,15,1.0,5,2,services,1,other,2,4,1,1
407,1.0,15,1.0,4,4,health,4,services,3,5,1,3
408,1.0,15,1.0,5,4,teacher,3,other,3,3,1,2
409,1.0,15,0.0,4,2,other,2,other,2,3,1,1
410,0.0,16,1.0,4,4,health,4,other,4,2,1,2
411,0.0,16,1.0,3,4,services,4,services,3,2,1,2
412,0.0,16,1.0,5,3,other,3,other,2,4,1,1
413,1.0,17,1.0,5,3,services,2,services,5,5,2,4
414,1.0,16,1.0,3,4,health,3,other,3,5,1,3
415,1.0,15,1.0,4,4,teacher,3,other,1,1,1,1
416,1.0,15,1.0,5,4,health,4,health,2,5,1,1
417,1.0,16,1.0,4,4,teacher,2,other,1,5,1,3
418,1.0,16,1.0,5,2,other,2,other,4,5,2,4
419,0.0,15,1.0,4,2,services,4,health,2,5,1,1
420,0.0,16,1.0,1,2,services,2,services,2,5,1,3
421,1.0,15,1.0,4,2,other,2,other,2,5,1,2
422,1.0,15,1.0,2,4,health,2,services,4,1,2,4
423,1.0,16,0.0,5,3,services,4,other,3,5,1,1
424,1.0,16,1.0,4,4,teacher,4,teacher,5,5,5,5
425,1.0,15,1.0,5,4,health,4,services,2,5,3,4
426,1.0,15,1.0,4,4,services,4,services,1,5,1,1
427,1.0,15,1.0,4,4,teacher,3,at_home,2,5,1,1
428,1.0,15,1.0,5,3,other,3,other,2,2,1,1
429,1.0,16,1.0,5,3,other,2,other,3,5,1,1
430,0.0,15,1.0,3,2,other,3,other,1,5,1,1
431,1.0,15,1.0,5,4,teacher,3,services,3,4,1,1
432,1.0,16,0.0,2,4,other,4,teacher,3,5,1,1
433,0.0,15,1.0,4,3,services,4,health,2,5,1,1
434,0.0,15,1.0,4,2,at_home,2,other,1,2,1,1
435,0.0,16,1.0,3,2,other,2,other,3,3,1,2
436,1.0,15,1.0,5,4,teacher,4,other,3,5,2,4
437,1.0,15,1.0,4,4,services,4,teacher,3,5,1,1
438,1.0,15,1.0,5,2,services,2,services,1,1,1,1
439,0.0,16,1.0,4,2,other,2,at_home,3,5,2,2
440,0.0,15,0.0,5,4,other,3,other,2,5,1,1
441,0.0,16,0.0,2,3,other,3,services,5,3,1,4
442,1.0,16,1.0,4,4,health,3,services,2,2,1,1
443,1.0,15,1.0,4,4,teacher,2,other,3,5,2,2
444,0.0,15,1.0,4,4,services,4,teacher,4,3,1,1
445,0.0,16,1.0,4,2,services,2,services,3,4,2,3
446,0.0,15,1.0,4,4,health,2,other,3,5,1,1
447,1.0,15,0.0,5,4,health,2,health,5,5,3,4
448,0.0,15,1.0,3,4,services,4,services,4,5,2,3
449,0.0,15,0.0,5,3,other,3,other,4,1,4,4
450,0.0,16,0.0,5,2,other,1,other,4,2,1,1
451,0.0,15,0.0,4,4,services,3,services,2,1,1,1
452,1.0,15,1.0,3,4,teacher,4,health,2,5,1,1
453,1.0,15,1.0,4,1,other,2,at_home,2,5,1,1
454,0.0,16,1.0,4,4,services,2,other,3,5,1,1
455,0.0,16,1.0,2,4,health,4,teacher,4,4,2,3
456,0.0,16,1.0,5,1,services,1,services,5,5,5,5
457,0.0,16,1.0,4,1,other,2,services,3,1,1,1
458,0.0,16,1.0,3,4,teacher,3,health,4,4,2,4
459,0.0,15,1.0,4,4,services,3,services,4,2,2,4
460,0.0,16,1.0,5,4,teacher,3,services,3,1,1,2
461,1.0,15,0.0,1,4,other,4,services,3,3,5,5
462,0.0,16,1.0,4,3,services,1,other,3,5,1,2
463,0.0,15,1.0,4,2,health,2,services,3,4,1,3
464,0.0,15,1.0,4,3,other,1,other,2,3,2,3
465,1.0,16,1.0,4,3,other,1,other,2,5,1,1
466,1.0,15,1.0,3,4,other,2,other,3,3,1,1
467,0.0,15,1.0,3,1,other,1,other,4,5,2,4
468,1.0,16,1.0,5,3,other,1,other,2,5,2,2
469,0.0,16,1.0,4,3,other,3,services,3,5,2,4
470,1.0,15,1.0,4,4,teacher,3,other,3,5,2,3
471,1.0,15,1.0,3,4,teacher,0,other,3,1,1,1
472,0.0,16,1.0,5,2,other,2,other,3,3,1,3
473,1.0,17,1.0,4,2,other,1,other,1,3,1,1
474,0.0,16,1.0,2,3,at_home,4,other,3,3,1,2
475,1.0,15,1.0,3,2,other,3,services,2,3,1,3
476,1.0,15,1.0,5,2,other,3,other,2,5,1,2
477,0.0,15,1.0,4,3,services,2,other,4,5,1,1
478,1.0,15,1.0,5,2,services,2,services,3,4,1,3
479,0.0,15,1.0,4,1,other,1,other,2,4,2,3
480,0.0,15,1.0,4,4,services,4,services,4,5,2,3
481,0.0,16,1.0,4,2,at_home,2,other,4,2,1,2
482,0.0,15,1.0,5,4,other,2,other,3,1,1,3
483,1.0,16,1.0,4,2,services,2,other,2,3,1,1
484,1.0,16,0.0,4,4,teacher,4,health,3,5,3,5
485,0.0,16,1.0,4,3,other,3,other,3,4,1,3
486,0.0,15,1.0,4,4,services,3,other,5,1,1,3
487,0.0,16,1.0,3,3,other,1,other,3,2,2,3
488,0.0,16,1.0,5,4,teacher,2,services,3,1,1,1
489,1.0,15,1.0,4,2,services,2,health,4,4,1,1
490,0.0,15,1.0,3,1,at_home,1,other,2,1,1,1
491,1.0,16,1.0,3,4,services,3,other,3,4,1,1
492,0.0,16,1.0,4,2,other,1,other,5,5,1,1
493,0.0,16,1.0,5,4,other,4,other,4,1,1,2
494,0.0,16,1.0,5,4,other,3,at_home,5,3,1,1
495,1.0,16,1.0,4,4,services,4,services,5,4,5,5
496,1.0,16,1.0,4,4,services,4,teacher,3,4,1,1
497,1.0,15,1.0,5,4,services,4,other,3,5,1,1
498,0.0,15,1.0,4,3,services,2,other,5,2,1,1
499,1.0,15,0.0,5,3,services,4,other,4,1,1,1
500,0.0,15,0.0,4,3,other,3,health,3,4,1,1
501,0.0,15,1.0,5,2,other,2,other,2,3,1,1
502,1.0,16,1.0,5,3,services,3,other,3,5,1,1
503,1.0,15,1.0,1,4,other,4,other,5,1,3,5
504,0.0,16,1.0,5,4,health,4,health,5,4,1,1
505,1.0,15,0.0,5,4,teacher,4,teacher,3,4,1,1
506,0.0,16,1.0,4,3,services,3,other,2,2,1,1
507,0.0,16,1.0,3,2,at_home,2,other,2,5,1,1
508,1.0,15,1.0,3,4,teacher,2,other,2,3,1,1
509,1.0,15,1.0,5,2,health,1,services,2,5,1,1
510,1.0,16,1.0,5,4,teacher,4,teacher,4,5,1,2
511,1.0,15,1.0,4,4,other,4,teacher,3,2,1,1
512,1.0,16,1.0,5,3,other,3,services,2,5,1,1
513,1.0,17,1.0,5,1,other,3,other,4,5,1,4
514,1.0,15,1.0,3,3,other,4,other,3,4,1,2
515,0.0,15,1.0,3,1,at_home,2,services,3,1,1,2
516,1.0,15,1.0,5,2,services,2,services,4,5,1,2
517,0.0,16,1.0,4,2,other,4,health,2,5,1,2
518,1.0,16,1.0,3,4,health,4,other,4,5,1,4
519,0.0,16,1.0,5,2,other,2,other,4,5,1,1
520,1.0,15,1.0,5,3,services,4,services,5,5,3,2
521,0.0,15,0.0,5,3,other,4,other,2,1,1,1
522,0.0,19,1.0,3,0,at_home,1,other,2,5,1,1
523,1.0,16,1.0,3,4,teacher,4,teacher,5,4,2,5
524,1.0,16,1.0,3,2,other,3,other,3,1,2,2
525,0.0,15,1.0,4,3,services,4,teacher,2,5,2,2
526,0.0,18,1.0,5,2,services,1,other,5,5,1,3
527,0.0,17,0.0,3,2,other,1,other,2,5,1,2
528,0.0,15,1.0,4,1,at_home,1,other,3,4,1,2
529,0.0,17,1.0,3,2,other,2,other,4,5,1,3
530,0.0,16,0.0,3,3,services,4,other,1,5,1,4
531,1.0,16,1.0,3,2,at_home,1,other,1,2,1,1
532,0.0,16,0.0,5,2,other,2,other,4,5,1,1
533,1.0,15,1.0,5,3,at_home,4,teacher,3,5,1,1
534,0.0,15,1.0,4,4,services,4,at_home,3,5,1,1
535,1.0,17,1.0,5,3,at_home,4,other,5,5,2,4
536,0.0,16,1.0,5,1,at_home,1,other,3,3,1,1
537,1.0,18,1.0,3,3,services,1,services,4,4,4,5
538,0.0,18,0.0,4,3,other,2,services,3,5,5,1
539,0.0,16,1.0,3,1,other,1,services,3,1,1,2
540,0.0,16,0.0,4,3,other,3,other,2,5,1,1
541,1.0,16,1.0,4,1,services,1,other,4,5,1,3
542,0.0,15,1.0,4,4,teacher,4,teacher,2,5,1,1
543,0.0,15,1.0,5,1,other,1,other,5,1,1,1
544,1.0,15,1.0,2,4,teacher,3,services,2,3,1,1
545,0.0,15,0.0,1,3,services,3,services,2,1,2,3
546,1.0,16,1.0,5,4,services,4,services,3,5,1,3
547,1.0,16,1.0,2,2,services,2,services,3,2,2,2
548,0.0,15,1.0,4,4,teacher,4,services,2,5,1,1
549,0.0,16,1.0,3,1,at_home,1,at_home,4,1,3,3
550,1.0,17,1.0,5,2,other,1,other,5,5,1,2
551,0.0,15,1.0,4,1,other,1,services,2,5,1,2
552,0.0,15,0.0,4,2,at_home,1,other,2,5,1,1
553,0.0,15,1.0,3,3,health,2,services,2,3,1,1
554,0.0,15,1.0,4,1,at_home,2,other,2,5,1,1
555,0.0,15,1.0,2,1,at_home,2,services,4,1,2,4
556,1.0,16,1.0,3,4,teacher,4,teacher,2,5,2,1
557,1.0,15,0.0,4,2,services,1,other,5,5,2,5
558,1.0,18,1.0,2,1,other,1,other,5,4,2,5
559,1.0,16,1.0,4,2,at_home,1,other,4,5,3,5
560,0.0,15,1.0,4,3,services,3,services,1,3,2,3
561,1.0,19,1.0,4,3,services,2,at_home,4,4,1,1
562,0.0,17,1.0,4,4,other,4,teacher,1,4,1,1
563,1.0,15,1.0,4,2,at_home,3,services,4,1,1,1
564,1.0,17,1.0,2,1,other,2,other,2,5,3,3
565,0.0,18,1.0,5,1,at_home,1,other,5,4,1,5
566,1.0,16,1.0,4,2,at_home,2,other,2,3,1,2
567,1.0,16,1.0,4,3,other,3,services,5,5,4,4
568,1.0,16,1.0,4,1,health,2,services,5,5,3,5
569,1.0,17,1.0,3,2,at_home,1,other,2,5,2,2
570,1.0,17,1.0,4,3,other,2,other,4,3,1,4
571,1.0,15,1.0,4,1,other,2,other,4,5,2,4
572,1.0,16,1.0,5,1,at_home,3,services,3,2,1,4
573,1.0,17,1.0,5,1,other,1,services,5,5,1,5
574,1.0,17,1.0,4,3,services,2,services,2,2,1,1
575,1.0,16,1.0,4,2,other,2,other,5,4,2,4
576,0.0,16,1.0,4,4,health,2,services,3,3,1,1
577,0.0,16,1.0,5,2,other,2,other,5,4,1,1
578,0.0,16,1.0,4,4,health,4,health,2,3,1,1
579,1.0,16,1.0,3,3,other,4,other,5,2,2,4
580,1.0,16,1.0,4,1,other,0,other,2,3,1,1
581,1.0,17,1.0,4,4,teacher,4,other,4,5,1,3
582,0.0,16,1.0,4,1,at_home,3,services,5,3,1,1
583,0.0,16,1.0,4,3,other,3,other,5,4,1,1
584,1.0,17,1.0,4,4,teacher,3,other,4,4,4,4
585,0.0,16,1.0,3,2,services,2,other,4,5,1,4
586,1.0,17,1.0,4,3,other,3,other,4,4,1,4
587,1.0,16,1.0,4,4,teacher,2,services,3,3,3,4
588,1.0,17,1.0,5,4,other,3,other,3,2,1,1
589,1.0,16,1.0,3,4,teacher,3,other,3,3,2,3
590,1.0,16,1.0,4,3,services,3,other,3,3,1,2
591,0.0,17,1.0,5,2,services,4,services,2,5,2,3
592,0.0,17,1.0,5,3,other,3,other,3,1,2,3
593,0.0,16,1.0,1,3,other,2,other,2,1,1,2
594,1.0,17,1.0,4,3,services,3,services,4,4,2,3
595,1.0,16,1.0,3,1,services,2,services,3,3,1,2
596,1.0,16,1.0,4,2,other,1,other,3,5,1,2
597,0.0,17,0.0,3,3,health,3,other,3,3,1,3
598,1.0,17,1.0,3,1,at_home,2,other,3,3,1,5
599,0.0,16,1.0,4,2,services,3,services,3,2,1,1
600,0.0,17,1.0,5,1,at_home,1,services,3,3,1,1
601,1.0,17,1.0,4,1,at_home,2,services,4,5,4,5
602,1.0,16,1.0,4,3,services,3,services,2,5,3,4
603,1.0,16,1.0,5,2,other,3,other,3,3,1,1
604,0.0,17,1.0,4,2,services,4,services,2,5,1,1
605,1.0,17,1.0,5,4,services,4,teacher,3,5,1,2
606,1.0,16,1.0,3,3,teacher,3,other,4,3,3,5
607,0.0,17,1.0,4,4,services,4,teacher,4,2,2,3
608,0.0,16,1.0,4,4,teacher,4,teacher,2,3,1,2
609,0.0,16,1.0,4,4,health,3,other,5,2,1,5
610,0.0,16,1.0,4,2,other,3,other,3,4,1,3
611,0.0,17,1.0,4,1,other,1,other,4,1,1,3
612,0.0,17,1.0,5,2,other,2,other,2,3,1,2
613,0.0,16,1.0,5,2,services,2,services,5,5,1,1
614,0.0,17,1.0,4,3,at_home,4,services,3,5,3,4
615,0.0,16,0.0,2,3,services,1,other,3,4,2,2
616,0.0,16,1.0,1,4,teacher,3,other,2,1,1,1
617,0.0,16,1.0,4,1,at_home,1,other,2,5,1,4
618,0.0,17,1.0,4,4,teacher,3,other,2,4,1,1
619,0.0,19,1.0,4,3,other,3,other,3,3,1,2
620,1.0,17,1.0,5,4,services,4,other,5,3,4,5
621,0.0,16,0.0,3,2,other,2,other,4,4,1,1
622,1.0,18,1.0,4,2,services,2,other,4,5,2,4
623,0.0,17,1.0,5,4,services,4,other,1,3,1,2
624,0.0,17,1.0,4,3,other,2,other,4,1,1,3
625,0.0,17,1.0,3,4,other,3,other,5,1,2,4
626,1.0,18,1.0,3,3,services,3,health,4,4,2,4
627,0.0,17,1.0,3,2,at_home,3,other,3,3,1,4
628,0.0,17,1.0,4,2,at_home,2,at_home,3,4,1,1
629,0.0,17,1.0,4,2,at_home,1,services,5,5,1,2
630,0.0,17,1.0,4,1,at_home,1,other,4,5,1,1
631,0.0,16,1.0,2,2,services,3,teacher,1,3,1,1
632,1.0,18,1.0,3,2,other,2,other,3,4,5,5
633,0.0,16,1.0,5,4,teacher,4,services,2,5,1,1
634,0.0,18,1.0,5,3,other,1,other,3,4,1,1
635,0.0,17,1.0,5,3,other,2,other,4,3,1,3
636,1.0,17,1.0,5,2,services,3,services,3,3,1,3
637,1.0,18,1.0,4,2,at_home,1,other,2,3,4,5
638,0.0,17,0.0,3,2,other,1,other,3,3,1,2
639,0.0,17,1.0,3,4,health,3,other,3,3,1,2
640,1.0,17,1.0,4,2,other,2,other,2,1,1,1
641,1.0,17,1.0,4,4,teacher,4,teacher,5,2,1,3
642,1.0,16,1.0,4,4,health,4,other,4,1,2,4
643,1.0,16,1.0,3,1,other,1,other,2,5,1,1
644,1.0,16,1.0,5,3,at_home,2,other,3,2,1,3
645,1.0,17,1.0,4,2,other,2,other,2,4,5,5
646,0.0,16,1.0,4,2,other,1,other,2,5,1,1
647,0.0,16,0.0,5,4,other,1,other,3,5,1,2
648,0.0,18,0.0,4,2,services,4,other,3,3,1,1
649,0.0,18,1.0,5,2,at_home,2,services,1,5,1,1
650,0.0,18,1.0,4,3,other,3,other,1,3,1,1
651,1.0,18,1.0,4,2,other,2,at_home,3,1,2,2
652,1.0,17,1.0,4,4,teacher,4,teacher,1,5,1,2
653,0.0,17,1.0,5,3,other,2,other,2,3,1,1
654,0.0,17,1.0,4,1,at_home,1,at_home,2,4,1,2
655,0.0,16,1.0,5,1,other,2,other,5,5,1,2
656,0.0,17,1.0,2,2,at_home,1,services,1,3,1,1
657,0.0,17,0.0,5,1,other,4,other,4,5,1,1
658,1.0,18,1.0,5,2,other,2,services,4,2,3,5
659,0.0,17,0.0,3,2,other,2,other,2,1,1,1
660,0.0,17,1.0,4,1,at_home,1,other,3,5,1,3
661,0.0,17,0.0,4,4,teacher,2,other,2,4,1,1
662,1.0,17,1.0,2,4,health,3,other,5,5,1,4
663,1.0,17,0.0,3,4,teacher,4,other,3,4,2,3
664,1.0,16,1.0,5,4,teacher,3,other,5,3,1,1
665,1.0,16,1.0,5,4,services,4,services,2,5,1,2
666,0.0,17,1.0,5,4,teacher,4,services,1,5,1,4
667,1.0,17,1.0,4,1,other,1,other,3,1,1,1
668,0.0,17,1.0,4,3,services,3,other,2,5,2,3
669,0.0,17,1.0,4,1,at_home,1,other,2,4,1,1
670,0.0,18,1.0,4,2,other,1,other,4,3,1,1
671,1.0,16,1.0,4,2,other,1,other,3,4,1,1
672,0.0,17,1.0,4,1,other,1,services,4,5,1,2
673,1.0,17,1.0,5,2,other,3,other,2,2,1,1
674,1.0,22,1.0,5,3,services,1,services,5,1,5,5
675,1.0,18,1.0,4,3,other,3,services,3,5,1,3
676,1.0,16,1.0,4,0,other,2,other,2,5,2,4
677,1.0,18,1.0,4,3,services,2,other,5,5,2,4
678,1.0,16,1.0,5,3,at_home,3,other,3,2,1,3
679,1.0,18,1.0,3,2,services,1,services,5,5,2,5
680,1.0,16,1.0,3,2,other,1,other,2,3,1,3
681,1.0,17,1.0,4,2,other,1,other,2,5,2,4
682,1.0,17,1.0,4,1,health,1,other,4,5,1,2
683,0.0,18,0.0,4,2,other,1,other,4,5,1,3
684,0.0,17,1.0,4,4,teacher,2,services,3,4,1,1
685,0.0,19,1.0,4,2,services,2,services,3,5,1,1
686,1.0,18,1.0,4,2,services,1,other,5,5,4,4
687,0.0,17,1.0,4,4,other,2,other,4,5,1,3
688,0.0,18,1.0,4,1,other,1,at_home,3,3,2,3
689,0.0,18,1.0,3,2,other,2,other,3,5,1,1
690,1.0,19,0.0,4,4,services,3,at_home,1,1,1,1
691,1.0,18,1.0,5,2,other,1,other,4,4,1,2
692,1.0,17,1.0,5,2,other,2,services,2,4,1,1
693,0.0,17,1.0,3,2,services,2,services,1,2,1,1
694,0.0,20,1.0,1,2,other,1,other,3,2,1,2
695,0.0,18,1.0,3,4,services,3,other,2,2,1,3
696,1.0,18,1.0,4,4,teacher,3,other,2,3,1,1
697,1.0,18,1.0,5,3,other,2,other,2,3,1,1
698,0.0,17,1.0,3,3,other,3,other,3,4,1,1
699,0.0,18,1.0,4,2,at_home,2,services,3,3,1,1
700,1.0,17,1.0,4,2,other,2,other,4,4,2,3
701,1.0,18,0.0,4,3,other,4,other,5,1,3,4
702,1.0,17,1.0,5,3,services,1,other,4,5,3,4
703,0.0,18,1.0,4,4,teacher,4,other,4,4,2,2
704,1.0,18,1.0,5,4,health,2,other,5,5,1,3
705,0.0,18,1.0,4,2,other,1,other,5,3,1,2
706,0.0,19,1.0,4,3,other,3,services,5,5,3,3
707,0.0,18,1.0,4,2,other,3,services,5,2,1,3
708,0.0,18,1.0,4,1,other,1,other,3,3,1,1
709,1.0,17,1.0,3,1,at_home,2,at_home,2,1,2,2
710,0.0,18,1.0,4,2,other,1,other,5,1,1,2
711,0.0,17,1.0,4,2,at_home,4,health,3,1,1,1
712,0.0,17,1.0,4,2,services,2,other,4,5,2,3
713,0.0,18,0.0,4,3,other,2,services,1,5,1,1
714,1.0,18,1.0,3,4,teacher,4,services,4,3,1,4
715,0.0,18,1.0,2,4,health,4,health,4,4,1,1
716,0.0,17,1.0,4,2,other,2,services,3,1,1,1
717,0.0,19,1.0,3,3,services,2,services,3,3,4,3
718,1.0,18,1.0,4,4,teacher,3,services,3,1,1,2
719,1.0,18,1.0,3,1,at_home,2,other,4,4,2,4
720,1.0,17,0.0,4,4,services,1,other,4,5,2,4
721,1.0,17,0.0,4,3,teacher,2,services,4,3,3,4
722,0.0,18,1.0,5,1,at_home,1,other,2,3,1,1
723,0.0,18,1.0,5,1,other,1,other,4,4,1,1
724,0.0,17,1.0,5,2,other,2,other,5,5,1,2
725,0.0,18,1.0,4,2,other,1,other,1,5,1,1
726,1.0,17,1.0,4,1,other,1,other,3,4,1,2
727,0.0,18,1.0,4,2,at_home,2,at_home,3,2,1,2
728,0.0,17,1.0,4,1,services,1,teacher,3,3,1,1
729,1.0,18,1.0,4,2,services,1,services,4,2,1,3
730,1.0,18,0.0,5,4,teacher,4,teacher,3,2,1,1
731,1.0,18,1.0,4,4,teacher,2,other,2,5,1,4
732,0.0,17,1.0,4,4,health,3,services,2,3,1,2
733,0.0,17,1.0,3,3,services,1,other,2,3,1,1
734,1.0,18,1.0,5,3,services,2,other,2,4,1,1
735,1.0,17,1.0,4,3,health,3,other,3,5,1,3
736,0.0,19,1.0,2,4,health,4,other,4,2,2,3
737,0.0,18,1.0,4,4,other,3,other,5,2,1,2
738,0.0,18,1.0,4,4,other,3,other,3,3,1,1
739,1.0,18,1.0,1,4,teacher,4,teacher,2,1,2,2
740,0.0,18,0.0,4,4,health,4,other,4,4,1,1
741,1.0,17,1.0,4,4,other,4,teacher,1,5,2,2
742,0.0,17,1.0,5,4,services,4,services,4,5,1,1
743,0.0,17,1.0,4,4,other,2,other,3,3,1,1
744,0.0,17,1.0,5,3,health,2,health,2,5,1,2
745,1.0,19,1.0,4,2,at_home,1,services,1,5,1,1
746,1.0,20,0.0,5,3,services,2,other,3,5,1,1
747,1.0,19,1.0,4,3,other,3,services,3,5,1,2
748,0.0,18,1.0,3,1,other,4,teacher,4,5,1,2
749,0.0,18,1.0,5,2,services,1,other,3,1,1,2
750,0.0,17,1.0,4,2,other,3,other,1,3,1,1
751,0.0,17,1.0,4,4,teacher,4,teacher,4,5,1,1
752,0.0,18,1.0,4,4,other,3,other,4,5,1,1
753,0.0,18,1.0,3,4,health,3,services,4,1,1,4
754,0.0,17,1.0,4,3,at_home,4,services,4,5,2,5
755,0.0,18,1.0,4,3,at_home,3,other,4,3,1,1
756,1.0,19,1.0,5,4,health,2,other,4,1,1,1
757,0.0,18,1.0,4,4,teacher,4,other,4,5,3,3
758,0.0,18,1.0,5,3,other,4,other,4,1,1,1
759,0.0,17,1.0,5,4,health,4,health,4,5,1,2
760,0.0,17,0.0,5,4,services,3,services,2,5,1,2
761,0.0,17,0.0,5,3,services,3,other,3,5,1,1
762,0.0,17,1.0,4,2,other,1,other,3,2,2,2
763,1.0,18,1.0,4,4,other,4,other,5,5,3,4
764,0.0,19,1.0,1,1,other,1,other,5,5,4,3
765,0.0,19,0.0,5,1,other,1,other,4,4,1,1
766,0.0,18,1.0,4,2,other,2,other,5,5,2,4
767,0.0,17,1.0,4,2,other,2,other,2,3,1,1
768,0.0,17,1.0,3,2,services,2,services,2,3,2,2
769,0.0,17,1.0,3,3,services,1,services,3,5,2,3
770,0.0,17,1.0,3,0,at_home,2,at_home,3,2,2,3
771,0.0,18,1.0,4,1,other,1,other,5,2,1,2
772,1.0,18,1.0,4,4,other,4,other,3,3,2,2
773,1.0,17,1.0,4,3,other,3,services,5,5,3,5
774,1.0,17,1.0,4,2,services,2,other,5,4,5,5
775,0.0,17,1.0,5,4,teacher,4,services,4,4,1,3
776,0.0,17,1.0,4,4,teacher,4,teacher,3,4,1,2
777,0.0,17,1.0,4,3,at_home,3,other,5,5,2,5
778,1.0,18,1.0,4,2,other,2,other,5,5,2,4
779,1.0,19,1.0,5,3,at_home,2,services,4,5,2,2
780,0.0,18,1.0,4,2,at_home,2,other,5,2,1,1
781,0.0,17,1.0,4,2,at_home,4,other,3,5,1,1
782,1.0,18,1.0,5,2,other,2,other,2,5,1,2
783,0.0,18,1.0,5,3,services,3,services,4,4,1,1
784,0.0,18,1.0,4,2,other,2,other,3,2,1,1
785,0.0,18,1.0,4,2,at_home,2,other,4,4,1,1
786,0.0,17,1.0,4,3,services,4,other,5,5,1,3
787,0.0,17,1.0,4,3,other,2,other,2,2,2,3
788,0.0,18,1.0,5,3,services,3,services,3,1,1,1
789,0.0,17,0.0,4,3,other,2,other,3,2,2,3
790,1.0,18,1.0,4,4,teacher,4,services,3,2,2,2
791,1.0,18,1.0,4,3,services,4,other,3,5,1,3
792,0.0,17,0.0,3,2,at_home,2,at_home,1,4,1,2
793,0.0,18,1.0,4,2,at_home,3,other,3,3,1,2
794,0.0,18,1.0,5,3,other,2,services,3,1,2,3
795,1.0,18,1.0,5,4,teacher,3,services,2,4,1,2
796,1.0,18,1.0,5,4,teacher,3,other,5,5,2,3
797,0.0,17,1.0,4,4,health,3,other,3,4,1,3
798,0.0,17,1.0,4,2,services,1,other,4,1,2,2
799,0.0,17,1.0,4,2,services,1,other,5,4,2,4
800,0.0,19,0.0,2,2,at_home,3,other,3,5,3,4
801,0.0,17,1.0,4,3,other,1,at_home,2,3,1,1
802,0.0,21,1.0,3,4,other,4,other,2,5,1,1
803,1.0,18,1.0,4,2,services,2,services,4,3,1,3
804,1.0,18,0.0,4,3,other,4,other,5,2,1,4
805,0.0,17,1.0,4,2,services,2,services,4,4,1,3
806,1.0,17,0.0,4,4,health,4,other,2,4,1,2
807,0.0,18,1.0,4,4,teacher,2,other,2,3,1,1
808,1.0,21,1.0,5,1,at_home,1,other,3,4,5,2
809,0.0,20,1.0,3,1,other,1,other,2,3,1,3
810,0.0,19,1.0,3,4,teacher,4,other,5,5,4,4
811,1.0,17,0.0,4,3,other,2,other,4,5,1,2
812,0.0,18,1.0,4,3,at_home,2,other,4,2,1,2
813,1.0,18,1.0,3,2,other,3,services,3,4,4,5
814,1.0,19,1.0,5,2,other,1,other,4,4,1,4
815,0.0,18,0.0,4,2,services,2,other,4,4,1,3
816,0.0,20,1.0,5,1,other,0,other,1,5,1,1
817,0.0,18,1.0,3,3,services,2,other,2,1,1,2
818,0.0,16,1.0,4,1,at_home,3,other,3,5,1,3
819,0.0,16,1.0,4,2,other,2,other,4,5,1,1
820,0.0,15,1.0,4,1,at_home,1,services,3,2,1,1
821,0.0,15,1.0,5,3,at_home,3,other,4,5,2,3
822,0.0,16,1.0,4,2,at_home,3,services,2,5,1,2
823,0.0,15,1.0,1,2,at_home,1,other,4,1,1,1
824,1.0,16,0.0,5,4,at_home,4,other,2,2,1,3
825,1.0,16,0.0,4,1,other,2,other,3,5,1,1
826,0.0,17,1.0,4,3,at_home,2,other,4,5,1,2
827,0.0,17,1.0,5,1,other,1,other,4,5,2,2
828,0.0,15,1.0,1,4,teacher,4,other,1,5,3,5
829,0.0,16,0.0,1,2,at_home,2,other,1,1,1,1
830,0.0,15,1.0,5,1,at_home,1,services,3,4,1,2
831,0.0,15,1.0,4,1,other,1,services,3,2,1,2
832,0.0,16,1.0,3,0,other,2,other,3,2,1,2
833,0.0,17,1.0,5,2,other,3,other,5,3,1,3
834,0.0,15,1.0,4,3,other,3,services,3,4,1,1
835,1.0,16,1.0,5,1,at_home,1,services,5,3,4,5
836,1.0,17,1.0,4,1,other,1,other,3,5,2,4
837,1.0,15,1.0,5,4,health,1,services,4,2,1,2
838,1.0,15,1.0,5,4,health,1,services,4,2,1,2
839,1.0,16,1.0,3,3,other,4,health,5,5,1,2
840,1.0,15,1.0,5,1,other,1,other,5,4,2,4
841,1.0,15,1.0,5,3,at_home,3,at_home,3,5,1,1
842,1.0,17,1.0,5,2,other,1,other,5,3,5,5
843,0.0,16,1.0,4,4,teacher,4,teacher,2,4,1,1
844,0.0,15,1.0,5,1,other,2,services,2,1,1,1
845,0.0,16,1.0,4,2,other,3,services,4,1,1,2
846,1.0,16,1.0,4,1,other,2,other,3,5,1,1
847,0.0,16,1.0,4,2,other,2,other,5,4,1,1
848,0.0,16,1.0,1,1,other,2,services,2,4,1,2
849,0.0,16,1.0,1,1,other,2,services,2,4,1,2
850,0.0,15,1.0,4,2,at_home,1,other,2,2,3,3
851,0.0,16,1.0,5,1,at_home,1,other,3,2,2,1
852,1.0,17,1.0,5,1,at_home,2,services,5,3,5,5
853,0.0,16,1.0,4,1,other,1,other,2,1,1,1
854,0.0,16,1.0,4,1,at_home,1,other,3,5,1,1
855,0.0,15,1.0,4,1,at_home,1,other,3,2,1,1
856,0.0,16,1.0,4,1,at_home,1,other,2,2,4,3
857,0.0,15,1.0,4,1,at_home,1,at_home,1,2,1,2
858,0.0,15,1.0,4,2,other,2,other,3,5,2,2
859,1.0,16,1.0,3,1,at_home,1,other,4,5,3,4
860,0.0,18,1.0,3,1,other,2,other,4,5,2,3
861,1.0,15,1.0,3,3,other,1,services,3,4,1,3
862,0.0,16,1.0,5,2,other,2,services,4,2,1,1
863,1.0,15,1.0,4,2,health,2,other,3,4,1,2
864,1.0,16,1.0,4,4,other,4,teacher,1,3,1,1
865,0.0,15,1.0,4,3,services,3,other,4,1,1,1
866,0.0,16,1.0,4,2,at_home,2,other,4,5,2,3
867,0.0,16,1.0,4,2,other,2,other,2,4,1,1
868,1.0,16,1.0,2,2,at_home,1,services,3,4,2,3
869,1.0,15,1.0,4,1,at_home,3,other,4,3,3,5
870,0.0,15,1.0,5,2,other,2,services,2,4,1,1
871,0.0,16,1.0,5,2,other,1,other,3,5,1,1
872,1.0,15,1.0,4,3,services,3,services,3,3,2,4
873,0.0,16,1.0,3,1,at_home,1,other,3,1,1,1
874,0.0,17,1.0,4,2,other,2,at_home,3,5,1,1
875,0.0,19,1.0,4,2,at_home,3,services,4,2,1,1
876,0.0,17,1.0,5,2,at_home,1,other,3,3,1,1
877,0.0,15,1.0,5,1,at_home,1,other,1,4,1,3
878,0.0,16,1.0,3,2,other,2,other,5,1,1,2
879,0.0,16,0.0,4,2,other,2,other,4,1,1,2
880,0.0,17,1.0,4,2,at_home,2,other,5,4,1,2
881,0.0,16,1.0,4,2,other,2,services,3,3,1,4
882,0.0,18,0.0,3,3,other,2,other,2,2,1,1
883,0.0,19,1.0,5,1,at_home,1,services,1,3,1,1
884,1.0,18,1.0,4,1,other,1,other,3,4,3,4
885,0.0,18,1.0,3,1,at_home,1,at_home,3,2,1,1
886,0.0,19,1.0,1,1,other,1,other,4,1,4,1
887,0.0,16,0.0,3,2,health,2,other,2,3,1,1
888,0.0,17,1.0,2,0,other,1,at_home,4,5,3,5
889,0.0,16,1.0,4,1,at_home,2,other,5,3,1,3
890,0.0,16,1.0,4,3,other,3,other,4,4,1,1
891,0.0,16,1.0,4,1,services,1,services,4,4,2,2
892,1.0,17,1.0,5,3,services,3,at_home,5,5,3,4
893,0.0,16,1.0,5,2,other,1,services,3,1,1,1
894,0.0,16,1.0,4,2,services,2,other,5,5,1,2
895,1.0,17,1.0,5,1,other,2,other,5,1,5,5
896,1.0,16,1.0,4,4,other,3,other,5,5,1,5
897,1.0,17,1.0,1,2,services,2,services,5,3,3,5
898,0.0,16,1.0,2,1,other,1,other,1,5,1,1
899,0.0,19,1.0,5,2,other,2,other,5,1,1,1
900,0.0,17,1.0,4,1,at_home,1,other,5,5,1,2
901,0.0,20,1.0,3,3,at_home,3,services,4,3,2,4
902,0.0,17,1.0,4,1,other,1,services,3,3,1,1
903,1.0,17,1.0,4,2,other,2,other,5,5,1,2
904,0.0,16,1.0,5,1,at_home,1,other,2,1,1,1
905,0.0,17,1.0,5,2,other,2,other,2,1,1,1
906,0.0,17,0.0,4,1,other,0,other,5,4,1,1
907,0.0,18,1.0,4,1,at_home,1,other,2,5,1,1
908,0.0,16,1.0,3,3,other,1,other,3,1,1,3
909,0.0,16,1.0,3,3,services,2,at_home,3,3,1,4
910,0.0,18,1.0,2,1,other,1,at_home,5,3,1,4
911,0.0,16,1.0,4,4,health,4,teacher,3,2,2,3
912,0.0,16,1.0,5,1,other,2,other,5,2,1,4
913,0.0,18,0.0,2,2,other,4,services,2,1,1,3
914,1.0,16,1.0,5,2,other,1,services,1,2,1,1
915,0.0,16,1.0,4,1,at_home,1,other,2,5,1,3
916,0.0,16,1.0,3,2,at_home,3,services,3,2,1,1
917,0.0,16,1.0,4,4,health,4,health,4,3,1,2
918,1.0,18,1.0,5,4,at_home,4,health,5,5,5,5
919,0.0,16,1.0,4,3,at_home,4,other,1,2,1,1
920,1.0,17,1.0,4,4,other,4,services,3,5,1,2
921,0.0,17,1.0,4,4,other,1,other,3,5,1,2
922,1.0,16,1.0,5,2,services,2,services,3,3,2,2
923,0.0,17,1.0,5,2,at_home,2,other,3,5,1,2
924,0.0,16,1.0,5,4,services,4,services,3,5,1,2
925,1.0,17,1.0,4,3,services,3,services,4,3,5,5
926,1.0,17,1.0,5,1,at_home,1,services,3,1,3,3
927,1.0,16,1.0,4,2,health,1,services,2,5,1,4
928,0.0,16,1.0,3,2,other,1,services,2,3,1,1
929,1.0,16,1.0,4,4,teacher,4,health,2,5,2,5
930,1.0,15,1.0,5,1,other,2,services,5,5,1,3
931,1.0,15,0.0,5,2,other,2,other,5,5,2,3
932,1.0,15,0.0,4,2,services,1,services,3,5,1,2
933,0.0,16,1.0,4,2,other,2,other,3,5,2,2
934,0.0,16,1.0,1,4,other,1,other,4,1,2,2
935,0.0,17,1.0,4,3,at_home,2,other,3,1,2,2
936,0.0,17,1.0,5,2,other,2,other,3,5,1,1
937,0.0,16,1.0,5,4,teacher,4,services,5,5,1,4
938,1.0,17,1.0,3,4,health,4,other,3,5,1,3
939,1.0,17,1.0,5,1,other,3,other,2,5,3,3
940,1.0,17,1.0,5,3,services,4,other,4,5,3,4
941,0.0,17,1.0,5,4,health,4,health,5,5,1,1
942,1.0,16,1.0,4,4,other,1,at_home,2,2,2,1
943,0.0,17,0.0,4,1,at_home,1,at_home,5,3,1,2
944,0.0,17,1.0,4,4,other,2,other,3,5,2,3
945,1.0,16,0.0,4,2,other,2,services,2,5,2,2
946,1.0,17,1.0,4,3,other,2,other,2,1,2,2
947,1.0,19,1.0,4,1,other,1,other,3,4,3,4
948,1.0,17,0.0,4,1,other,0,other,2,5,1,1
949,0.0,17,1.0,3,1,at_home,1,at_home,5,4,2,2
950,0.0,16,1.0,4,1,other,2,other,4,3,1,1
951,1.0,16,1.0,4,1,other,2,at_home,4,5,2,4
952,0.0,17,1.0,5,3,other,1,other,4,5,1,1
953,1.0,17,1.0,5,2,other,2,other,5,5,3,5
954,1.0,18,1.0,4,1,at_home,0,at_home,2,4,1,1
955,1.0,17,1.0,4,1,other,1,services,5,2,1,3
956,1.0,18,1.0,4,1,at_home,1,at_home,3,5,1,4
957,0.0,16,1.0,5,2,other,2,services,3,1,1,1
958,1.0,17,1.0,1,2,other,2,other,1,5,2,3
959,1.0,16,1.0,4,3,services,2,other,5,5,2,3
960,1.0,16,1.0,4,1,at_home,1,other,5,5,2,4
961,1.0,18,1.0,5,1,services,1,other,3,5,2,3
962,1.0,18,1.0,2,3,services,2,other,1,5,2,2
963,1.0,19,1.0,3,3,at_home,2,services,1,3,1,1
964,1.0,18,1.0,4,3,at_home,3,at_home,5,3,1,3
965,1.0,16,1.0,5,2,services,2,services,3,4,2,4
966,1.0,19,1.0,4,2,at_home,1,other,3,5,1,3
967,0.0,16,0.0,2,3,services,2,at_home,5,1,1,1
968,0.0,17,1.0,4,1,other,1,at_home,2,5,1,2
969,1.0,20,1.0,4,1,other,1,other,3,4,2,4
970,0.0,18,0.0,5,4,services,3,services,4,2,3,4
971,1.0,18,1.0,2,3,other,2,other,5,5,5,5
972,1.0,19,1.0,5,1,other,1,services,4,2,3,3
973,1.0,17,1.0,4,3,health,3,other,4,3,2,3
974,1.0,18,1.0,4,1,at_home,3,services,3,3,2,3
975,1.0,19,1.0,4,1,other,1,other,4,5,3,3
976,0.0,18,0.0,4,1,at_home,2,other,3,5,1,1
977,0.0,19,0.0,1,1,at_home,1,other,4,5,1,1
978,0.0,18,1.0,5,2,other,2,other,5,3,1,1
979,0.0,17,1.0,4,0,at_home,0,other,3,5,1,1
980,0.0,17,0.0,4,3,other,1,at_home,3,3,2,2
981,0.0,17,1.0,5,4,teacher,2,services,5,5,1,3
982,0.0,18,1.0,2,2,services,2,services,3,4,1,2
983,0.0,17,1.0,3,4,health,1,at_home,2,5,1,1
984,0.0,17,1.0,5,1,at_home,2,other,1,3,1,1
985,0.0,18,1.0,3,1,other,1,other,4,5,2,2
986,0.0,18,1.0,4,2,services,2,at_home,5,1,1,1
987,0.0,17,1.0,4,3,services,3,services,3,4,1,1
988,0.0,18,0.0,4,1,at_home,2,other,3,4,1,2
989,0.0,18,1.0,4,4,teacher,4,teacher,5,1,1,2
990,1.0,18,1.0,5,4,services,4,other,5,5,1,1
991,0.0,17,1.0,4,4,other,2,other,3,4,1,2
992,0.0,18,1.0,4,2,at_home,2,other,3,4,1,1
993,1.0,18,1.0,4,1,at_home,2,services,4,1,5,5
994,1.0,18,1.0,2,4,at_home,4,services,5,1,1,1
995,1.0,17,1.0,4,1,other,1,services,3,4,3,4
996,0.0,18,1.0,1,2,other,2,other,1,2,1,1
997,0.0,18,1.0,5,2,services,2,services,5,3,1,4
998,0.0,18,0.0,5,4,teacher,2,other,1,5,1,1
999,0.0,18,1.0,4,1,at_home,1,services,2,2,1,2
1000,0.0,19,1.0,5,1,at_home,1,services,5,2,2,3
1001,0.0,17,1.0,4,4,teacher,2,other,3,5,3,1
1002,0.0,17,0.0,5,2,services,1,other,3,2,1,2
1003,0.0,18,0.0,5,1,at_home,1,services,3,3,1,2
1004,0.0,18,1.0,4,1,at_home,2,at_home,1,4,1,1
1005,0.0,19,0.0,3,1,at_home,1,at_home,4,1,1,4
1006,0.0,18,1.0,4,2,services,2,other,1,4,1,1
1007,1.0,17,1.0,4,4,services,3,other,5,2,1,3
1008,0.0,18,1.0,5,3,services,3,services,4,5,1,1
1009,0.0,17,1.0,4,4,teacher,4,services,3,5,1,2
1010,0.0,17,0.0,1,3,services,2,other,3,5,1,2
1011,1.0,18,1.0,3,1,other,1,services,2,3,1,2
1012,0.0,18,1.0,5,1,at_home,1,services,2,4,1,1
1013,0.0,18,0.0,4,1,at_home,2,other,4,5,1,4
1014,0.0,18,1.0,4,3,services,3,services,2,3,1,3
1015,0.0,17,1.0,2,4,at_home,4,at_home,4,1,1,1
1016,0.0,17,1.0,3,1,other,2,services,2,3,1,2
1017,1.0,18,1.0,3,1,at_home,3,other,4,3,2,4
1018,1.0,18,1.0,4,4,teacher,4,services,2,5,2,2
1019,0.0,17,1.0,5,1,other,1,services,1,1,1,2
1020,0.0,18,1.0,5,2,at_home,3,services,3,4,1,2
1021,0.0,18,1.0,3,4,other,4,teacher,2,5,4,2
1022,1.0,18,1.0,4,1,at_home,2,services,3,3,2,3
1023,0.0,17,1.0,3,2,other,2,at_home,3,3,1,1
1024,0.0,17,1.0,3,1,other,2,other,5,1,1,3
1025,0.0,18,1.0,5,4,other,4,other,4,1,1,1
1026,0.0,18,1.0,4,1,other,1,other,2,4,1,2
1027,0.0,19,1.0,4,1,at_home,1,other,3,3,1,1
1028,0.0,18,1.0,5,4,teacher,4,services,3,2,3,4
1029,0.0,18,1.0,4,3,other,3,other,3,1,1,2
1030,0.0,17,1.0,4,3,at_home,1,other,4,1,2,3
1031,1.0,18,1.0,3,4,teacher,4,teacher,4,2,1,4
1032,1.0,18,1.0,4,2,other,1,other,3,5,1,3
1033,1.0,17,1.0,4,2,other,3,services,3,3,1,1
1034,1.0,19,1.0,4,1,other,1,services,2,5,1,3
1035,1.0,18,1.0,5,4,other,2,other,3,3,4,3
1036,0.0,18,1.0,5,2,at_home,2,other,3,4,1,3
1037,0.0,17,1.0,5,4,teacher,3,other,4,1,1,1
1038,0.0,18,1.0,4,4,teacher,4,at_home,3,5,2,2
1039,0.0,19,1.0,5,2,services,3,other,2,5,1,2
1040,0.0,18,1.0,4,3,teacher,1,services,4,1,1,1
1041,0.0,18,1.0,1,1,other,1,other,1,5,1,1
1042,1.0,17,1.0,2,3,services,1,services,5,2,3,4
1043,1.0,18,1.0,4,3,services,2,other,1,5,3,4
